Acceleration,Method,ScanID,CoilNoiseIncrease,SSIM,PSNR,NRMSE,HFEN,VIF,NQM,SSFD,LPIPS (VGG-16),ResNet50 (RadImageNet)
2,UNet,1000017,0,0.8125900626182556,31.92367172241211,0.14142240583896637,0.37303364276885986,0.15546110698656176,19.762818279315482,4.245724201202393,0.16746702790260315,0.5528241395950317
2,UNet,1000017,1,0.7899580597877502,31.146533966064453,0.1547410488128662,0.3876533508300781,0.14870041768243275,18.031390865965303,4.656692028045654,0.1788039207458496,0.6205535531044006
2,UNet,1000017,2,0.7373471856117249,30.272315979003906,0.16807103157043457,0.4101569354534149,0.13779190349564646,17.9219179033738,5.607666969299316,0.19394376873970032,0.6958355903625488
2,UNet,1000017,3,0.6682493090629578,29.012357711791992,0.1925353854894638,0.4449024498462677,0.12696764747949524,17.163936378778867,6.992217063903809,0.21337273716926575,0.8606294393539429
2,UNet,1000026,0,0.7929006814956665,31.237972259521484,0.12036836892366409,0.3919539749622345,0.16036571161240337,22.005332447622248,4.576750755310059,0.16973058879375458,0.5282692313194275
2,UNet,1000026,1,0.7696431279182434,30.633041381835938,0.1287848949432373,0.4085248112678528,0.15322316235642347,21.160240449725546,5.042162895202637,0.18248964846134186,0.5758702158927917
2,UNet,1000026,2,0.7203211188316345,29.56896209716797,0.14392559230327606,0.4309508502483368,0.14108891777153648,20.74835507501512,6.390659332275391,0.19731035828590393,0.6498416662216187
2,UNet,1000026,3,0.6721453666687012,28.461925506591797,0.17194822430610657,0.4721015393733978,0.13056165735619082,17.40115199351465,8.004359245300293,0.20881322026252747,0.7837419509887695
2,UNet,1000041,0,0.8937487006187439,32.65975570678711,0.07541441917419434,0.33395713567733765,0.16140033003112256,22.503573184370307,2.7357096672058105,0.15718486905097961,0.724700927734375
2,UNet,1000041,1,0.8872350454330444,31.207887649536133,0.08910943567752838,0.3386245369911194,0.15914744213723644,18.91287662013443,3.126742362976074,0.1634717583656311,0.8182620406150818
2,UNet,1000041,2,0.8813950419425964,31.17600440979004,0.0895041897892952,0.3398089110851288,0.15826008782390882,18.899770072345532,3.1513490676879883,0.16486452519893646,0.8243634700775146
2,UNet,1000041,3,0.8727169632911682,31.253246307373047,0.08912390470504761,0.34150755405426025,0.1556709204460946,18.897780219842474,3.2438807487487793,0.16536344587802887,0.8412443399429321
2,UNet,1000071,0,0.8976393342018127,34.47480010986328,0.0771925076842308,0.3831658363342285,0.1556917427627432,21.517065734310865,3.9747378826141357,0.17563913762569427,0.9599534273147583
2,UNet,1000071,1,0.886510968208313,34.314964294433594,0.07801278680562973,0.3886723816394806,0.1543264465196608,21.39358047987745,4.037524700164795,0.17883850634098053,0.9912276268005371
2,UNet,1000071,2,0.8738471269607544,34.065574645996094,0.08026406913995743,0.3929451107978821,0.1510739073673184,21.329004942169277,4.233155250549316,0.18082237243652344,0.9950473308563232
2,UNet,1000071,3,0.8528733253479004,33.6371955871582,0.08376415818929672,0.3999744951725006,0.14820723380976072,21.33757198731253,4.529284954071045,0.1891436129808426,1.0458675622940063
2,UNet,1000107,0,0.8878636956214905,32.893375396728516,0.06686671078205109,0.3345886170864105,0.16506617536756982,23.52570823514757,2.0297207832336426,0.16245776414871216,0.8149942755699158
2,UNet,1000107,1,0.8765117526054382,32.66898727416992,0.06861410290002823,0.3396126329898834,0.16320756724397267,23.105255027896845,2.0872628688812256,0.16542233526706696,0.8309347033500671
2,UNet,1000107,2,0.8591763973236084,32.350067138671875,0.07130343466997147,0.34378981590270996,0.15937693306918901,22.868320756491187,2.1343181133270264,0.1709822118282318,0.8641198873519897
2,UNet,1000107,3,0.8347737789154053,31.862842559814453,0.07567164301872253,0.3498821258544922,0.15394607986669837,22.5150963619841,2.336293935775757,0.1733350157737732,0.9397212266921997
2,UNet,1000153,0,0.8754993081092834,32.63003921508789,0.08038294315338135,0.31076619029045105,0.16239015465992532,22.56902360931186,2.5461924076080322,0.14459598064422607,0.659757137298584
2,UNet,1000153,1,0.8612951040267944,32.32969665527344,0.08252925425767899,0.3154486119747162,0.16012033013573623,22.105227171682003,2.6386497020721436,0.1534210592508316,0.6871844530105591
2,UNet,1000153,2,0.8447476625442505,32.03724670410156,0.08574098348617554,0.3189023435115814,0.15608786304156727,21.887757632488135,2.7789177894592285,0.15846854448318481,0.7328866720199585
2,UNet,1000153,3,0.817832887172699,31.626934051513672,0.0892595574259758,0.32514259219169617,0.15133095179178782,21.885414047461733,2.9342589378356934,0.1663747876882553,0.8069993853569031
2,UNet,1000178,0,0.8300334811210632,32.60135269165039,0.12077202647924423,0.36592811346054077,0.16483202220175255,20.214882381453943,4.418341636657715,0.1702832281589508,0.5883187055587769
2,UNet,1000178,1,0.817695677280426,25.094568252563477,0.3772592544555664,0.5379209518432617,0.15695110256335268,8.828744408167257,4.830986022949219,0.18642649054527283,0.7736089825630188
2,UNet,1000178,2,0.7931874394416809,25.2344913482666,0.36637377738952637,0.5409432649612427,0.1484297298121964,8.968194410692634,5.547556400299072,0.1950337141752243,0.7976455688476562
2,UNet,1000178,3,0.754677414894104,25.308095932006836,0.3578662574291229,0.5512474775314331,0.13846480033293218,8.971551968983233,6.793459415435791,0.20975282788276672,0.9000210165977478
2,UNet,1000196,0,0.8338011503219604,30.341880798339844,0.11376579850912094,0.3998427093029022,0.142807827421271,18.58163934800469,5.172432899475098,0.20640692114830017,1.144943356513977
2,UNet,1000196,1,0.8356817364692688,29.991134643554688,0.13108471035957336,0.43417614698410034,0.13844370575816872,16.229562651364414,5.430310249328613,0.21621188521385193,1.1329113245010376
2,UNet,1000196,2,0.7969203591346741,29.758987426757812,0.13314077258110046,0.44707342982292175,0.12947070147393908,16.29457851073736,6.319437503814697,0.22691893577575684,1.1162189245224
2,UNet,1000196,3,0.7380729913711548,29.31607437133789,0.137026846408844,0.4663831889629364,0.11892725284356231,16.486669865781806,7.6882123947143555,0.2442430853843689,1.22789466381073
2,UNet,1000206,0,0.8270828127861023,31.46730613708496,0.121637724339962,0.3896157741546631,0.157050104937107,22.471375209844958,5.387362480163574,0.17263424396514893,0.7189337015151978
2,UNet,1000206,1,0.8074182868003845,30.887422561645508,0.12915225327014923,0.3969709277153015,0.15328453359433802,22.24356466544801,5.6946001052856445,0.1793716549873352,0.7377544045448303
2,UNet,1000206,2,0.7765145301818848,30.684616088867188,0.13344436883926392,0.4069971442222595,0.14499221030278733,22.23402063655797,6.9453325271606445,0.19119113683700562,0.8150849342346191
2,UNet,1000206,3,0.7330646514892578,30.180082321166992,0.14272364974021912,0.4249750077724457,0.13668337952107873,21.919523513235646,8.371875762939453,0.20466212928295135,0.9252893328666687
2,UNet,1000264,0,0.8883748054504395,31.529743194580078,0.10013817250728607,0.4691943824291229,0.15913030315511212,19.11927203172028,3.611889600753784,0.16293305158615112,0.7136921882629395
2,UNet,1000264,1,0.8770228028297424,31.862205505371094,0.09556733816862106,0.4712311923503876,0.1572662956495988,19.03048106883712,3.7226767539978027,0.16664642095565796,0.7220327854156494
2,UNet,1000264,2,0.8637698292732239,31.768171310424805,0.09647973626852036,0.4746285080909729,0.15391168584224751,19.001782812461276,3.924025774002075,0.17035555839538574,0.7549097537994385
2,UNet,1000264,3,0.843056857585907,31.48412322998047,0.09972289949655533,0.4829738736152649,0.1489861119834101,18.814060901014685,4.361661911010742,0.17817406356334686,0.833225429058075
2,UNet,1000292,0,0.8112849593162537,32.67372512817383,0.1373874992132187,0.3520364761352539,0.15634914515852075,21.410438617183303,4.437129020690918,0.16214275360107422,0.583164393901825
2,UNet,1000292,1,0.7904003262519836,32.067962646484375,0.14632545411586761,0.3642982542514801,0.14839272858868874,20.36129211177588,4.581784725189209,0.17183031141757965,0.6297680139541626
2,UNet,1000292,2,0.7519446611404419,31.266956329345703,0.16086941957473755,0.38221707940101624,0.1382279829317777,19.695814280839713,5.302124977111816,0.18636752665042877,0.689828634262085
2,UNet,1000292,3,0.693841278553009,30.095138549804688,0.18312206864356995,0.40869683027267456,0.12627653709960057,18.83614382404177,6.626786231994629,0.20817290246486664,0.8162084221839905
2,UNet,1000314,0,0.8995184302330017,33.94813537597656,0.06884827464818954,0.34502896666526794,0.1629181175274165,24.072768080529407,3.1202125549316406,0.17869079113006592,0.8976541757583618
2,UNet,1000314,1,0.892447292804718,33.691917419433594,0.07250391691923141,0.37451425194740295,0.1623942841503878,22.205949054600755,3.202909469604492,0.18232597410678864,0.9376155138015747
2,UNet,1000314,2,0.8817610144615173,33.528446197509766,0.07393404841423035,0.3781948983669281,0.15828229571911087,22.133848580318976,3.343061923980713,0.18584434688091278,0.9409251809120178
2,UNet,1000314,3,0.8668036460876465,33.344783782958984,0.0759185329079628,0.38268205523490906,0.15480107992633624,21.948484547103988,3.418123722076416,0.18596692383289337,0.983238160610199
2,UNet,1000323,0,0.8979884386062622,31.51157569885254,0.09503497928380966,0.4899113178253174,0.13974046925810413,20.575615279045024,4.649422645568848,0.21514704823493958,1.3036872148513794
2,UNet,1000323,1,0.8993250727653503,31.833532333374023,0.09054066240787506,0.4955522418022156,0.13826778646986362,20.549706646382113,4.675539016723633,0.2215990275144577,1.2752280235290527
2,UNet,1000323,2,0.8926442265510559,31.430419921875,0.0958624929189682,0.5021482706069946,0.13581201250890793,20.18757440949125,4.771015644073486,0.22229795157909393,1.2613935470581055
2,UNet,1000323,3,0.8812730312347412,31.492385864257812,0.09456223994493484,0.50452721118927,0.1322989144317152,20.26530917789133,5.009953498840332,0.22861909866333008,1.2842621803283691
2,UNet,1000344,0,0.8794121742248535,30.936843872070312,0.24615643918514252,0.4260503649711609,0.15282404649331635,12.95860140023946,4.03940486907959,0.15844686329364777,0.5061420202255249
2,UNet,1000344,1,0.8704977631568909,31.221473693847656,0.2336384654045105,0.4473559558391571,0.14879023099090313,12.64575122193743,4.44571590423584,0.16952213644981384,0.5619034767150879
2,UNet,1000344,2,0.846725583076477,30.708234786987305,0.2499898225069046,0.46782490611076355,0.13661114475698138,12.003267268079734,5.306308746337891,0.17591321468353271,0.6087383031845093
2,UNet,1000344,3,0.810417115688324,30.45990753173828,0.25531938672065735,0.4949781894683838,0.12933598102262842,11.702837483765354,6.621194362640381,0.1906052678823471,0.6959637999534607
2,UNet,1000432,0,0.8609825372695923,31.900985717773438,0.08233904093503952,0.34239134192466736,0.15713579669991465,20.98586630482331,2.6946401596069336,0.15599216520786285,0.7965111136436462
2,UNet,1000432,1,0.8445948362350464,31.380863189697266,0.0876573696732521,0.35336601734161377,0.1549957991618147,20.081191671705653,2.854674816131592,0.1663270890712738,0.82939612865448
2,UNet,1000432,2,0.8225292563438416,31.14288330078125,0.08921215683221817,0.35733816027641296,0.15246197189062866,20.285923107542935,2.9879150390625,0.17199677228927612,0.8949272036552429
2,UNet,1000432,3,0.8024932742118835,30.307086944580078,0.10144437104463577,0.3653331995010376,0.1482414267841105,18.903375586387362,3.1815199851989746,0.17794296145439148,0.9473796486854553
2,UNet,1000464,0,0.8868890404701233,30.976776123046875,0.0837005078792572,0.44626107811927795,0.1430914307005639,19.98713745151974,5.552695274353027,0.22226227819919586,1.411869764328003
2,UNet,1000464,1,0.8924722075462341,29.081499099731445,0.11201755702495575,0.47590482234954834,0.14208073040220334,18.0707105625288,5.6211371421813965,0.22523164749145508,1.4160432815551758
2,UNet,1000464,2,0.8890930414199829,29.14160919189453,0.11104025691747665,0.4757019281387329,0.14130819437213687,18.12040358137543,5.596899509429932,0.2266642153263092,1.4080864191055298
2,UNet,1000464,3,0.8830946683883667,29.319143295288086,0.1082281842827797,0.47650474309921265,0.1401136656777775,18.28299496280087,5.693867206573486,0.22538000345230103,1.4246116876602173
2,UNet,1000538,0,0.8508398532867432,34.64055252075195,0.09969309717416763,0.36606961488723755,0.15606029675640457,22.584622253571304,3.992189407348633,0.1555006206035614,0.6181303858757019
2,UNet,1000538,1,0.8299383521080017,34.044097900390625,0.10581318289041519,0.3741994798183441,0.15203924653396056,22.18596808851828,4.233480930328369,0.162861630320549,0.6373807191848755
2,UNet,1000538,2,0.7927985191345215,32.98262023925781,0.1178269013762474,0.387390673160553,0.14290091016169648,22.19644194457181,5.001274108886719,0.17630533874034882,0.6948044300079346
2,UNet,1000538,3,0.7508829236030579,32.297698974609375,0.12967999279499054,0.4152442514896393,0.13574585209302142,21.077146417995294,6.289370536804199,0.18953853845596313,0.7812376618385315
2,UNet,1000591,0,0.8909093141555786,36.06998062133789,0.09851729869842529,0.3210884630680084,0.16338581229650748,23.28458015097247,3.7716498374938965,0.16590560972690582,0.6536769270896912
2,UNet,1000591,1,0.8732354044914246,34.55276107788086,0.11593934148550034,0.3281637728214264,0.1585392785128664,19.834885113712303,4.06791877746582,0.17585301399230957,0.7627212405204773
2,UNet,1000591,2,0.8491880297660828,34.01947021484375,0.12283442169427872,0.3361750841140747,0.15227360401998682,19.80304011757354,4.432011604309082,0.19055907428264618,0.8158068060874939
2,UNet,1000591,3,0.8207711577415466,33.78858184814453,0.12806525826454163,0.3482530117034912,0.14630023911077567,19.49197183984557,4.908820152282715,0.20125068724155426,0.9211524724960327
2,UNet,1000697,0,0.9225102663040161,35.24687957763672,0.06789392232894897,0.36375343799591064,0.16521673049960778,25.11699083525884,2.6891472339630127,0.1605668067932129,0.6395966410636902
2,UNet,1000697,1,0.9090707302093506,34.619022369384766,0.07240146398544312,0.3642216920852661,0.16485303218273656,24.948254203652876,2.701716423034668,0.16213083267211914,0.7046071290969849
2,UNet,1000697,2,0.9032145142555237,34.6551628112793,0.07221905142068863,0.3654344081878662,0.16277945839177785,24.99290403849802,2.7217695713043213,0.1637275516986847,0.7319830060005188
2,UNet,1000697,3,0.8934131264686584,34.86185836791992,0.07091107219457626,0.3684368431568146,0.16096979421260785,25.054536184622584,2.734128713607788,0.16910012066364288,0.7631775140762329
2,UNet,1000735,0,0.8839462399482727,32.80712127685547,0.07810964435338974,0.3655572831630707,0.15941390021729443,21.933737178916218,3.1850533485412598,0.1716797649860382,0.7855658531188965
2,UNet,1000735,1,0.8788673877716064,32.814239501953125,0.07764368504285812,0.3664960265159607,0.15861225068581822,21.913804836332943,3.202285051345825,0.1751234084367752,0.7896432876586914
2,UNet,1000735,2,0.8788674473762512,32.814239501953125,0.07764368504285812,0.3664960265159607,0.15861225170597057,21.913804811576387,3.202285051345825,0.1751234233379364,0.7896432876586914
2,UNet,1000735,3,0.8788672089576721,32.814239501953125,0.07764369249343872,0.3664960563182831,0.15861224986967337,21.913801723186964,3.202285051345825,0.1751234233379364,0.7896436452865601
2,UNet,1000759,0,0.8912091851234436,32.50574493408203,0.06982962042093277,0.3107815682888031,0.16686852605717958,21.467294751244633,2.516331434249878,0.15097923576831818,0.8213405609130859
2,UNet,1000759,1,0.8751916885375977,32.233604431152344,0.072083480656147,0.3124331533908844,0.16565555782876845,21.019296067226296,2.5788955688476562,0.15495817363262177,0.8790783286094666
2,UNet,1000759,2,0.8634604811668396,32.112205505371094,0.07312122732400894,0.3143100142478943,0.1629689175120319,20.97865883938079,2.5990848541259766,0.15820443630218506,0.894865870475769
2,UNet,1000759,3,0.8442748188972473,31.83927345275879,0.0753258466720581,0.31689363718032837,0.16213151754916574,20.922147923245824,2.654160976409912,0.16220279037952423,0.9440035820007324
2,UNet,1000769,0,0.8970853090286255,32.08564376831055,0.07917019724845886,0.31478556990623474,0.16840316004017042,21.049556994138392,2.520237922668457,0.15321661531925201,0.8343710899353027
2,UNet,1000769,1,0.8836716413497925,31.404037475585938,0.0848677009344101,0.3175155520439148,0.16752694234941698,20.550295522039686,2.574002504348755,0.15592697262763977,0.8901246786117554
2,UNet,1000769,2,0.8729251623153687,31.485824584960938,0.08429324626922607,0.3186827600002289,0.1659924534275291,20.607466700140904,2.600381374359131,0.1577966809272766,0.9078022241592407
2,UNet,1000769,3,0.8569628596305847,31.72154426574707,0.08255775272846222,0.319828599691391,0.16261009697525655,20.769976111192175,2.6460909843444824,0.16345937550067902,0.9442249536514282
2,UNet,1000891,0,0.8658900260925293,29.778976440429688,0.12509603798389435,0.34197133779525757,0.15627670319072154,17.465397974954254,2.382110834121704,0.14655430614948273,0.6214609146118164
2,UNet,1000891,1,0.8459075093269348,29.891834259033203,0.12232942134141922,0.3505340814590454,0.1542714099883189,16.687433169178128,2.5509581565856934,0.1541488617658615,0.6576864123344421
2,UNet,1000891,2,0.8256235122680664,29.96190643310547,0.12054785341024399,0.3544633090496063,0.15076336180637515,16.800877021422366,2.622938632965088,0.1592084765434265,0.6853464841842651
2,UNet,1000891,3,0.7955203056335449,29.665069580078125,0.12454229593276978,0.36217212677001953,0.1461582884303543,16.587558874016246,2.874955654144287,0.16845303773880005,0.7201720476150513
2,UNet,1000899,0,0.9028621912002563,33.51457977294922,0.1325017213821411,0.4218939542770386,0.15526519353335588,15.80179405312605,5.400616645812988,0.18225665390491486,0.7306563854217529
2,UNet,1000899,1,0.8963976502418518,33.73279571533203,0.1267092376947403,0.4400022625923157,0.15046384135762914,15.246113849974922,5.47327184677124,0.1897416114807129,0.7899981737136841
2,UNet,1000899,2,0.8775715231895447,33.19609451293945,0.13574397563934326,0.4490814507007599,0.1446417454372038,14.937446171004453,5.93317985534668,0.20038555562496185,0.8244167566299438
2,UNet,1000899,3,0.8471193909645081,32.80210494995117,0.14117088913917542,0.46538639068603516,0.13632420459572303,14.754667863564531,6.841406345367432,0.2165655493736267,0.9034196138381958
2,UNet,1001064,0,0.8919947743415833,33.01325225830078,0.07916045933961868,0.3113376498222351,0.16324108321374803,21.25186325835447,2.3640894889831543,0.1584801822900772,0.7185860276222229
2,UNet,1001064,1,0.8857659101486206,32.560428619384766,0.0827072486281395,0.32013705372810364,0.1614160535351087,19.88163203892269,2.428549289703369,0.16756294667720795,0.7914190888404846
2,UNet,1001064,2,0.8785653114318848,32.29432678222656,0.0857599601149559,0.32211753726005554,0.15845805095619583,19.679460558509405,2.506286144256592,0.16978323459625244,0.8056526780128479
2,UNet,1001064,3,0.8646160960197449,32.34683609008789,0.08440902829170227,0.32398298382759094,0.1582008335868978,19.889417048190595,2.510524272918701,0.17458665370941162,0.8410015106201172
2,UNet,1001090,0,0.8519560694694519,33.548946380615234,0.09827079623937607,0.32099732756614685,0.1578370901811937,23.571568865666222,4.361850738525391,0.15916696190834045,0.7942030429840088
2,UNet,1001090,1,0.8303064703941345,33.05935287475586,0.10278791934251785,0.3270668089389801,0.15458268305303108,23.340581820174716,4.420156955718994,0.16672395169734955,0.8179144859313965
2,UNet,1001090,2,0.7995792031288147,32.483619689941406,0.10979121178388596,0.3342612087726593,0.14693170723413537,23.139453345043613,4.763184547424316,0.1769961416721344,0.8828198909759521
2,UNet,1001090,3,0.7492967844009399,31.495853424072266,0.12197116762399673,0.3472408056259155,0.14042629714088012,22.861164334357326,5.537101745605469,0.19275528192520142,0.9818739891052246
2,UNet,1001096,0,0.8630819916725159,30.617029190063477,0.09241235256195068,0.3878937065601349,0.1539439945719056,20.847399058398963,2.5742621421813965,0.1669366955757141,0.9249985218048096
2,UNet,1001096,1,0.8499569892883301,30.730783462524414,0.09079554677009583,0.39296963810920715,0.15210807360716996,20.757387357108573,2.656205654144287,0.17675258219242096,0.9748075604438782
2,UNet,1001096,2,0.8336513042449951,30.448928833007812,0.09396601468324661,0.396505743265152,0.1497738187200178,20.489547084940682,2.7802975177764893,0.17813348770141602,1.0165138244628906
2,UNet,1001096,3,0.8086406588554382,30.290447235107422,0.09521137923002243,0.4029256999492645,0.14636567901323044,20.540105306025733,3.022787094116211,0.1825035810470581,1.064924716949463
2,UNet,1001104,0,0.8347797989845276,30.791053771972656,0.07666918635368347,0.33563363552093506,0.1564079449408872,22.052489773972887,2.0302937030792236,0.155135840177536,0.7777253985404968
2,UNet,1001104,1,0.8108368515968323,30.174388885498047,0.08189409226179123,0.3418373465538025,0.15461614951313407,21.54467379117402,2.120407819747925,0.16580753028392792,0.8132703304290771
2,UNet,1001104,2,0.7876871228218079,30.297624588012695,0.08153793960809708,0.34687939286231995,0.14974432150173664,21.4531612581302,2.2183666229248047,0.17322944104671478,0.8779441714286804
2,UNet,1001104,3,0.749233067035675,29.7782039642334,0.08657857030630112,0.35549110174179077,0.14581245061243917,21.354859299413576,2.3563339710235596,0.18111003935337067,1.0195659399032593
2,UNet,1001119,0,0.8308371901512146,31.21111297607422,0.13672317564487457,0.4243970215320587,0.13677308904335636,21.39115969965969,5.206717491149902,0.17440688610076904,0.6608083248138428
2,UNet,1001119,1,0.8150127530097961,30.520307540893555,0.1466006338596344,0.4348238706588745,0.13241989306184915,20.75977674142112,5.373509883880615,0.18168115615844727,0.7450565099716187
2,UNet,1001119,2,0.7813730239868164,30.37143325805664,0.1503686159849167,0.45385754108428955,0.12389358796213916,20.721807700251816,6.0196123123168945,0.19392406940460205,0.7791875600814819
2,UNet,1001119,3,0.728111207485199,29.576435089111328,0.1640789806842804,0.4823134243488312,0.11661812581770695,20.416758743846515,7.4902496337890625,0.2118770182132721,0.8912003040313721
2,UNet,1001140,0,0.8629539012908936,34.27002716064453,0.11415310949087143,0.3686240315437317,0.15874957505986473,21.50371677959081,3.3702034950256348,0.1595163494348526,0.5473877191543579
2,UNet,1001140,1,0.8449077010154724,33.4110107421875,0.12498903274536133,0.3824617564678192,0.1534635360170887,19.6946750946268,3.778002977371216,0.1740032434463501,0.6243859529495239
2,UNet,1001140,2,0.8122742176055908,32.68100357055664,0.13553084433078766,0.3958578407764435,0.146091864977615,19.494447736987407,4.6742167472839355,0.18443749845027924,0.6610987186431885
2,UNet,1001140,3,0.7662394046783447,31.789424896240234,0.15090347826480865,0.41883453726768494,0.13623773445995943,18.91369407048243,6.000666618347168,0.2027590274810791,0.7449057102203369
2,UNet,1001144,0,0.8337348103523254,33.12864303588867,0.09073107689619064,0.35980224609375,0.15861906175396062,22.213228654878918,3.843733310699463,0.16135594248771667,0.5132310390472412
2,UNet,1001144,1,0.8146868348121643,32.465087890625,0.09694793075323105,0.36847418546676636,0.15475335117686975,21.184756061492752,4.262354850769043,0.17007336020469666,0.569196343421936
2,UNet,1001144,2,0.7819433808326721,31.77657699584961,0.10539985448122025,0.38312047719955444,0.1457962935735286,20.577414104108158,4.932510852813721,0.18444901704788208,0.6107504963874817
2,UNet,1001144,3,0.7350996136665344,30.693809509277344,0.12133734673261642,0.4116968810558319,0.1360016088546957,19.170543781498953,6.299610137939453,0.19952166080474854,0.6961869597434998
2,UNet,1001159,0,0.7834139466285706,27.638463973999023,0.26011213660240173,0.4831450283527374,0.14066561130013513,12.75545776736839,6.438261985778809,0.17428173124790192,0.5578991770744324
2,UNet,1001159,1,0.7573568224906921,28.002910614013672,0.2439650148153305,0.4954094886779785,0.1319352541267555,13.103299346155836,6.566009521484375,0.1836523562669754,0.6030111312866211
2,UNet,1001159,2,0.7165205478668213,27.359655380249023,0.26442137360572815,0.5268531441688538,0.12038566799692446,12.382698861967313,7.665165901184082,0.19952338933944702,0.6980191469192505
2,UNet,1001159,3,0.6575487852096558,26.69642448425293,0.28424525260925293,0.5686540603637695,0.111923408445432,11.657205465707303,9.234926223754883,0.21630993485450745,0.8329369425773621
2,UNet,1001168,0,0.8459022045135498,30.76919174194336,0.08979519456624985,0.33013349771499634,0.15218867494331478,19.95090457812009,2.1398415565490723,0.15780912339687347,0.8252294659614563
2,UNet,1001168,1,0.8172966837882996,30.884727478027344,0.08750487118959427,0.33605048060417175,0.14855247585997258,19.8879563863906,2.256016254425049,0.16634008288383484,0.8805258870124817
2,UNet,1001168,2,0.7920050024986267,30.587627410888672,0.09044227749109268,0.34117695689201355,0.14545620973703377,19.828346427689738,2.3741602897644043,0.1714235097169876,0.9340637922286987
2,UNet,1001168,3,0.7515708208084106,30.328433990478516,0.09207047522068024,0.3498471975326538,0.13971936508178465,20.205838148624593,2.6938555240631104,0.18398429453372955,1.0617082118988037
2,UNet,1001170,0,0.9051187038421631,34.058353424072266,0.07138540595769882,0.32969382405281067,0.16014792183867804,22.87144393378099,2.572654962539673,0.14249275624752045,0.6939313411712646
2,UNet,1001170,1,0.8914441466331482,33.836463928222656,0.07280732691287994,0.33314862847328186,0.15960070347623967,22.522510802556795,2.613694190979004,0.14619103074073792,0.8093706965446472
2,UNet,1001170,2,0.8824881315231323,33.71944046020508,0.073956698179245,0.334307461977005,0.15731940907248562,22.443107424363987,2.6493091583251953,0.14843478798866272,0.8230222463607788
2,UNet,1001170,3,0.8693147897720337,33.55184555053711,0.07545981556177139,0.33556005358695984,0.15654714141243428,22.346774445813576,2.7065975666046143,0.1542387306690216,0.8386507630348206
2,UNet,1001184,0,0.917851984500885,34.209983825683594,0.08183176815509796,0.3627861440181732,0.1691197949089806,22.642503575690995,3.143709897994995,0.17267157137393951,0.787165641784668
2,UNet,1001184,1,0.9101790189743042,33.2424201965332,0.0905470997095108,0.3672785758972168,0.16763364079828047,21.657422033478795,3.2843613624572754,0.17770464718341827,0.9316411018371582
2,UNet,1001184,2,0.9065431356430054,33.571231842041016,0.08774673938751221,0.36650189757347107,0.16658105566052556,21.852485051014398,3.2951560020446777,0.1751818060874939,0.9397193789482117
2,UNet,1001184,3,0.8983612656593323,33.278263092041016,0.09043058007955551,0.3690076470375061,0.16634170371678755,21.79173777590944,3.3594088554382324,0.17734283208847046,0.9356791377067566
2,UNet,1001275,0,0.7867070436477661,30.37505340576172,0.16066159307956696,0.39915719628334045,0.1482579234493833,17.628336414430798,5.211468696594238,0.17739693820476532,0.49121686816215515
2,UNet,1001275,1,0.7617241740226746,29.989219665527344,0.16606272757053375,0.41529199481010437,0.14295989996254843,17.103556713365254,5.565896511077881,0.18927687406539917,0.5267720222473145
2,UNet,1001275,2,0.7188339829444885,29.107635498046875,0.18467825651168823,0.4372183680534363,0.13398171952442708,16.316253810964806,6.3776774406433105,0.1975579410791397,0.5920429229736328
2,UNet,1001275,3,0.6499286890029907,28.0421142578125,0.2035536766052246,0.46969369053840637,0.11956112632096857,16.047416092433814,7.751661777496338,0.21982501447200775,0.7189790606498718
2,UNet,1001381,0,0.9149173498153687,34.661197662353516,0.07637812942266464,0.38491806387901306,0.15091528956274622,23.587203893298657,4.320812225341797,0.1680598258972168,0.7838290929794312
2,UNet,1001381,1,0.9154472947120667,34.09713363647461,0.08084224909543991,0.3862465023994446,0.15076158146755284,23.458621922785174,4.3411664962768555,0.16965287923812866,0.7857518196105957
2,UNet,1001381,2,0.9118616580963135,34.06914138793945,0.08115016669034958,0.387058824300766,0.14913231535717025,23.495342389565977,4.349076747894287,0.170498326420784,0.7959602475166321
2,UNet,1001381,3,0.9045138359069824,33.82160568237305,0.08327650278806686,0.3887634873390198,0.14720438935348207,23.465085045234837,4.443959712982178,0.17116454243659973,0.8334658741950989
2,UNet,1001651,0,0.8379091024398804,31.594369888305664,0.11563978344202042,0.3181540369987488,0.16252284384922824,22.96279893791082,3.5562846660614014,0.1590750515460968,0.66384357213974
2,UNet,1001651,1,0.8170538544654846,31.32342529296875,0.11957816034555435,0.32604721188545227,0.15883036345070276,22.760717121907604,3.7287724018096924,0.16589246690273285,0.7032390832901001
2,UNet,1001651,2,0.7851102948188782,30.4288387298584,0.13103139400482178,0.3373345732688904,0.1516386368119603,22.409224623773795,4.17378044128418,0.1793024241924286,0.7607820630073547
2,UNet,1001651,3,0.743256688117981,30.031946182250977,0.13755495846271515,0.35367369651794434,0.14415099605393283,22.48745254343482,5.097676753997803,0.19176974892616272,0.8676015138626099
2,UNet,1001655,0,0.89802086353302,32.828125,0.12373246252536774,0.35442060232162476,0.16039417930955038,19.328265100919126,4.35363245010376,0.1547829657793045,0.6846039891242981
2,UNet,1001655,1,0.8867279887199402,32.934696197509766,0.12034771591424942,0.36032572388648987,0.15739986876872739,18.86847204740848,4.518092155456543,0.16021907329559326,0.7304798364639282
2,UNet,1001655,2,0.8692148327827454,32.299659729003906,0.13077467679977417,0.3685884177684784,0.15182328228810407,18.16204556701652,4.954348564147949,0.16832536458969116,0.7750517129898071
2,UNet,1001655,3,0.8382675051689148,32.23235321044922,0.13021017611026764,0.37721800804138184,0.1460142550837968,18.417065282763993,5.628647804260254,0.18249550461769104,0.8345839977264404
2,UNet,1001687,0,0.8821691870689392,31.587562561035156,0.08253306895494461,0.36578449606895447,0.15787624353206078,22.24475532997252,2.604936122894287,0.15827210247516632,0.6542332768440247
2,UNet,1001687,1,0.8733044266700745,31.715877532958984,0.0807928666472435,0.3700984716415405,0.1570232411372678,22.090927957812706,2.665877342224121,0.16623122990131378,0.6838291883468628
2,UNet,1001687,2,0.8595189452171326,31.725250244140625,0.08022160083055496,0.37286072969436646,0.153354831420227,22.204397352301655,2.7183027267456055,0.16884365677833557,0.6995141506195068
2,UNet,1001687,3,0.8418457508087158,30.766040802001953,0.09121215343475342,0.3815830647945404,0.14980533244906202,21.183363613394214,2.8149664402008057,0.17192478477954865,0.7547281980514526
2,UNet,1001759,0,0.8882293701171875,32.75185775756836,0.06641524285078049,0.3404052257537842,0.1612106387898997,22.580470345409758,2.5901036262512207,0.15127161145210266,0.6593046188354492
2,UNet,1001759,1,0.8742237687110901,32.28642654418945,0.06959616392850876,0.34544360637664795,0.1601227903701969,22.038078895883977,2.678659677505493,0.1556612104177475,0.6806479692459106
2,UNet,1001759,2,0.8637343049049377,32.052101135253906,0.07128465175628662,0.34718939661979675,0.15791767176082,22.00827585316035,2.699305534362793,0.15725214779376984,0.7002266049385071
2,UNet,1001759,3,0.8495204448699951,32.17760467529297,0.07108265906572342,0.3477208912372589,0.15660369001812796,21.92082636883236,2.808009386062622,0.16281147301197052,0.7155946493148804
2,UNet,1001763,0,0.8839498162269592,32.70951461791992,0.07708428800106049,0.41082635521888733,0.14707699211418146,21.965171473296607,4.400251388549805,0.18556123971939087,0.9847411513328552
2,UNet,1001763,1,0.8868427872657776,32.588111877441406,0.07767006754875183,0.4121059775352478,0.14681488343086405,21.897128488053774,4.390989780426025,0.18715159595012665,0.9699357748031616
2,UNet,1001763,2,0.8840276002883911,32.534366607666016,0.07819826900959015,0.4129343032836914,0.14636367130678393,21.874058780585017,4.445509910583496,0.18681620061397552,0.963586151599884
2,UNet,1001763,3,0.8794689178466797,32.44847869873047,0.07909968495368958,0.4137873947620392,0.14444531275441858,21.817481288053568,4.541074752807617,0.18703758716583252,0.9718206524848938
2,UNet,1001798,0,0.8086313605308533,32.2571907043457,0.14383624494075775,0.36412468552589417,0.15647322137546746,19.923579195858455,5.069035530090332,0.15930388867855072,0.6078165769577026
2,UNet,1001798,1,0.780899703502655,31.703983306884766,0.15047480165958405,0.37718465924263,0.14938173228713583,19.780176630891916,5.465634346008301,0.16983070969581604,0.6689523458480835
2,UNet,1001798,2,0.7364581227302551,30.767038345336914,0.16565978527069092,0.39444538950920105,0.14036873493987898,19.404286984581592,6.368340492248535,0.17994210124015808,0.7687130570411682
2,UNet,1001798,3,0.6795114874839783,29.6016788482666,0.19029894471168518,0.4241081178188324,0.12775888296343513,18.29005714806443,7.698622703552246,0.19938647747039795,0.8707430362701416
2,UNet,1001850,0,0.8611299395561218,33.85777282714844,0.12780547142028809,0.34421342611312866,0.16540871631413245,21.254918481993048,4.0327887535095215,0.17310883104801178,0.9063699841499329
2,UNet,1001850,1,0.8437125086784363,32.30331039428711,0.1502954214811325,0.362707257270813,0.15773918692890834,18.51755905531224,4.415484428405762,0.18891717493534088,0.9972894191741943
2,UNet,1001850,2,0.8132410645484924,32.231937408447266,0.1530005782842636,0.371261864900589,0.14953996687303492,18.646181199957816,5.17285680770874,0.2035156488418579,1.0480608940124512
2,UNet,1001850,3,0.7655918598175049,31.456344604492188,0.1665518432855606,0.38879701495170593,0.13915096480833408,18.371477338707724,6.1554365158081055,0.2115844041109085,1.2093569040298462
2,UNet,1001851,0,0.8459189534187317,33.198978424072266,0.10666240751743317,0.3136999011039734,0.16339327447362503,23.245983764674246,4.614300727844238,0.1466430276632309,0.7027826309204102
2,UNet,1001851,1,0.8278422355651855,32.407955169677734,0.11575868725776672,0.3225087821483612,0.15881777559384905,21.91595939237847,4.84478235244751,0.15798358619213104,0.7322731614112854
2,UNet,1001851,2,0.7891747951507568,31.6260929107666,0.12599225342273712,0.3333805203437805,0.14896174986636151,21.74368513044104,5.527533531188965,0.1684023141860962,0.7995837330818176
2,UNet,1001851,3,0.7479357719421387,31.339744567871094,0.13374915719032288,0.34524691104888916,0.1430272119126343,21.45382391793288,6.669920444488525,0.18192856013774872,0.8999155163764954
2,UNet,1001938,0,0.8227078914642334,30.391733169555664,0.12887749075889587,0.42145484685897827,0.13602341777225385,19.412502916544156,5.500491142272949,0.18262898921966553,0.7988794445991516
2,UNet,1001938,1,0.8136036396026611,29.97719955444336,0.13459491729736328,0.4303094446659088,0.1332616606840701,19.03371453743024,5.7408833503723145,0.1946033537387848,0.8293258547782898
2,UNet,1001938,2,0.7814278602600098,29.30449676513672,0.14406491816043854,0.4395996332168579,0.12714711135614834,18.97007556978641,6.357285976409912,0.19974611699581146,0.8337548971176147
2,UNet,1001938,3,0.7374641299247742,28.94742202758789,0.15121813118457794,0.46080654859542847,0.11989970675762603,18.711344213060787,7.550982475280762,0.21311312913894653,0.8974499106407166
2,UNet,1001959,0,0.8295868039131165,31.78886604309082,0.12157333642244339,0.3989788889884949,0.1565370523514271,21.753780436698182,4.751776218414307,0.16595043241977692,0.7074440717697144
2,UNet,1001959,1,0.8094177842140198,30.963647842407227,0.13169686496257782,0.4066731333732605,0.15160668026932825,21.164620086904126,5.040093421936035,0.17359673976898193,0.7569384574890137
2,UNet,1001959,2,0.7727815508842468,30.00957489013672,0.1450081467628479,0.41870394349098206,0.14246045224061157,20.87661092876845,5.829111576080322,0.18219810724258423,0.8464678525924683
2,UNet,1001959,3,0.7319442629814148,29.807151794433594,0.15088191628456116,0.43124765157699585,0.1354809298504496,20.64932259220894,7.212306976318359,0.19872981309890747,0.9318578243255615
2,UNet,1001995,0,0.8616967797279358,30.170486450195312,0.11542607843875885,0.3486253619194031,0.15022397582606858,18.924270183346067,3.025801658630371,0.1671253889799118,1.0257370471954346
2,UNet,1001995,1,0.8482604622840881,30.26416778564453,0.11372287571430206,0.3502185642719269,0.14916792291824751,18.775164285311163,3.05376935005188,0.1710028350353241,1.0373480319976807
2,UNet,1001995,2,0.8338753581047058,29.432106018066406,0.1271517425775528,0.35518404841423035,0.14656347144725398,17.930862569477522,3.1255691051483154,0.17317834496498108,1.0559016466140747
2,UNet,1001995,3,0.803381085395813,30.264015197753906,0.11215942353010178,0.3582543432712555,0.14215116710986847,18.956227503091025,3.3111367225646973,0.1824454367160797,1.1187288761138916
2,UNet,1001997,0,0.8032422065734863,28.36696434020996,0.19768910109996796,0.431037962436676,0.14590799379058864,14.948990261729895,4.744107723236084,0.16977913677692413,0.6796450018882751
2,UNet,1001997,1,0.7838774919509888,28.095138549804688,0.20490126311779022,0.44803279638290405,0.14047749457069414,14.284881448317822,4.972653388977051,0.17610542476177216,0.7273925542831421
2,UNet,1001997,2,0.7360438108444214,27.63298988342285,0.2147703617811203,0.47422221302986145,0.12829763982623477,13.898999419454865,5.961943626403809,0.19422022998332977,0.8019345998764038
2,UNet,1001997,3,0.6696833372116089,27.055187225341797,0.22598442435264587,0.5100272297859192,0.12110535833181217,13.520804450623595,7.115859031677246,0.21330487728118896,0.9309061765670776
2,UNet,1002007,0,0.8549299240112305,29.819194793701172,0.14642976224422455,0.3907097578048706,0.15464674494815742,17.202940115045187,3.959733486175537,0.1476590484380722,0.5921800136566162
2,UNet,1002007,1,0.8537155389785767,30.02606964111328,0.14231668412685394,0.3932391107082367,0.15232525564971766,16.886404018814776,4.026688098907471,0.153154656291008,0.6449592113494873
2,UNet,1002007,2,0.8537155389785767,30.02606964111328,0.14231666922569275,0.3932390511035919,0.15232525414818807,16.88640480217647,4.026688098907471,0.1531546413898468,0.6449592113494873
2,UNet,1002007,3,0.8537154197692871,30.026073455810547,0.14231660962104797,0.3932390809059143,0.15232525507000194,16.886403178253097,4.026688575744629,0.1531546413898468,0.6449594497680664
2,UNet,1002035,0,0.8647812604904175,31.640050888061523,0.07207266986370087,0.3294093608856201,0.172156226737592,25.30338082731493,2.05073618888855,0.15262246131896973,0.7956889867782593
2,UNet,1002035,1,0.8467264175415039,31.103553771972656,0.07630203664302826,0.3357914686203003,0.17037909630711032,25.112184670457328,2.1366264820098877,0.15808922052383423,0.8092745542526245
2,UNet,1002035,2,0.8280022144317627,31.06586265563965,0.07690799236297607,0.33954572677612305,0.16539745460694247,25.210771628827445,2.2079594135284424,0.15948247909545898,0.8668877482414246
2,UNet,1002035,3,0.7965743541717529,30.344160079956055,0.08308549225330353,0.34761881828308105,0.1614599761048481,25.014210610000724,2.3786940574645996,0.16838079690933228,0.9558821320533752
2,UNet,1002274,0,0.8847758769989014,26.096467971801758,0.19761525094509125,0.4279184341430664,0.15074230997924948,14.922882456808317,4.54475212097168,0.18408885598182678,0.8605960011482239
2,UNet,1002274,1,0.8839933276176453,26.35100555419922,0.19054117798805237,0.4331326484680176,0.14968972385145912,14.872993944927412,4.649717807769775,0.18993425369262695,0.8484562039375305
2,UNet,1002274,2,0.8756248354911804,26.392011642456055,0.189263716340065,0.43591973185539246,0.14503074117165624,14.857370043192176,4.872279167175293,0.1912347376346588,0.8594555854797363
2,UNet,1002274,3,0.8619006872177124,26.435047149658203,0.1878090351819992,0.4400462508201599,0.14282349637876035,14.878396081869472,5.147951126098633,0.19473274052143097,0.8880234956741333
2,UNet,1002351,0,0.854181706905365,28.798320770263672,0.09473887085914612,0.45044273138046265,0.14612651439111923,19.697712464517593,3.9397048950195312,0.20380590856075287,1.024529218673706
2,UNet,1002351,1,0.8503157496452332,28.2178955078125,0.10075633972883224,0.4547499120235443,0.14536792116247985,18.8967221850612,4.02250862121582,0.21142299473285675,1.059053659439087
2,UNet,1002351,2,0.8445672392845154,28.604965209960938,0.0971318930387497,0.4554917514324188,0.14352398311336032,19.066950008615308,4.10235595703125,0.21197503805160522,1.0595388412475586
2,UNet,1002351,3,0.8302393555641174,27.864704132080078,0.1045541986823082,0.4587647616863251,0.14159663881230963,18.861931599486404,4.279257297515869,0.21756777167320251,1.1021854877471924
2,UNet,1002380,0,0.7725325226783752,30.50008773803711,0.12939238548278809,0.46078813076019287,0.14966302458161074,20.62956744828633,5.423154830932617,0.1857399046421051,0.7057396173477173
2,UNet,1002380,1,0.7472692728042603,29.911937713623047,0.1394241601228714,0.48048707842826843,0.14028027954946726,19.381648789938566,5.894134521484375,0.19248981773853302,0.7853635549545288
2,UNet,1002380,2,0.6927121877670288,28.83367347717285,0.1555064171552658,0.5084275007247925,0.12654365652420074,19.07826335461518,7.024940490722656,0.2055273950099945,0.8872121572494507
2,UNet,1002380,3,0.6103521585464478,27.036087036132812,0.18342342972755432,0.5511527061462402,0.1157318363976745,19.195089243740806,8.636800765991211,0.23682531714439392,1.1276164054870605
2,UNet,1002382,0,0.9134966135025024,34.26827621459961,0.06807073205709457,0.29757043719291687,0.1603836038278086,23.780215072501157,2.182060718536377,0.15028218924999237,0.5690189003944397
2,UNet,1002382,1,0.8991289734840393,32.67146682739258,0.08112813532352448,0.3030399978160858,0.15881266771378236,20.435466331629417,2.249410390853882,0.1560112088918686,0.6572372913360596
2,UNet,1002382,2,0.8891112804412842,32.37472915649414,0.08364241570234299,0.30506786704063416,0.15683433521862564,20.379397080901054,2.2746667861938477,0.1605127602815628,0.6671741008758545
2,UNet,1002382,3,0.873805046081543,32.32860565185547,0.084223672747612,0.3071296811103821,0.1547327924718915,20.401472460783555,2.3258252143859863,0.16074082255363464,0.7133959531784058
2,UNet,1002412,0,0.8327015042304993,33.633602142333984,0.13080574572086334,0.36674174666404724,0.16171886242706485,22.438448849641123,5.070140838623047,0.16505689918994904,0.6683638691902161
2,UNet,1002412,1,0.8080234527587891,32.886932373046875,0.14066043496131897,0.372989296913147,0.15417927904038875,22.21750779310474,5.393979549407959,0.17311449348926544,0.6993087530136108
2,UNet,1002412,2,0.7820595502853394,32.60915756225586,0.14797541499137878,0.3829338848590851,0.14738247751585923,21.71997280145505,6.0842413902282715,0.18374337255954742,0.7322720289230347
2,UNet,1002412,3,0.7320960164070129,31.541147232055664,0.16686506569385529,0.4054228961467743,0.13615289139260062,21.051726408970246,7.623176574707031,0.19716452062129974,0.8643041253089905
2,UNet,1002417,0,0.8756556510925293,30.286914825439453,0.08399710059165955,0.4651680290699005,0.140858560292865,17.707200767464265,4.781099796295166,0.23772123456001282,1.620989203453064
2,UNet,1002417,1,0.8764082789421082,28.62055015563965,0.10069196671247482,0.48036906123161316,0.1403958751797844,15.557158567310093,4.924688816070557,0.24413278698921204,1.6036964654922485
2,UNet,1002417,2,0.8742188215255737,28.594799041748047,0.10096865892410278,0.4810101389884949,0.1399941489651028,15.555375132286159,4.948744297027588,0.24384796619415283,1.6062743663787842
2,UNet,1002417,3,0.8716391324996948,28.6937313079834,0.10017544031143188,0.4812543988227844,0.13882962363537923,15.582889594347716,4.9654035568237305,0.24305161833763123,1.618680477142334
2,UNet,1002451,0,0.8412855267524719,32.137786865234375,0.11525305360555649,0.4084099233150482,0.13644597439807246,19.08203284562495,4.753669738769531,0.19212870299816132,1.0424869060516357
2,UNet,1002451,1,0.8275523781776428,31.402908325195312,0.12455562502145767,0.41637682914733887,0.1318012357428769,17.86201901386197,5.0917229652404785,0.20322374999523163,1.1382813453674316
2,UNet,1002451,2,0.795160174369812,30.884397506713867,0.13255278766155243,0.4281177222728729,0.12559066168823196,17.564872320075896,5.787281036376953,0.21259072422981262,1.1610803604125977
2,UNet,1002451,3,0.7494422197341919,30.199359893798828,0.1447501927614212,0.4503854513168335,0.11920672772228545,16.94740553977109,6.982933044433594,0.22707636654376984,1.2339770793914795
2,UNet,1002515,0,0.7787547707557678,23.06930923461914,0.5644553303718567,0.5763047337532043,0.14046128904178737,5.930173255171148,5.452425479888916,0.21253228187561035,0.9911231994628906
2,UNet,1002515,1,0.7802248597145081,23.362354278564453,0.5362645983695984,0.5811179280281067,0.13696571279481312,5.726084784197094,5.86442756652832,0.21649198234081268,1.003332495689392
2,UNet,1002515,2,0.7657796144485474,23.389904022216797,0.5312691926956177,0.5870000123977661,0.1304386307569872,5.685520316586434,6.570651054382324,0.22219622135162354,1.0075303316116333
2,UNet,1002515,3,0.7394394874572754,23.215362548828125,0.5449994802474976,0.6071878671646118,0.12393232798348781,5.310401088506134,7.6482415199279785,0.23251640796661377,1.0679024457931519
2,UNet,1002526,0,0.9374715685844421,34.845703125,0.08612765371799469,0.3392457962036133,0.16275468489609507,22.541156561430995,2.8348822593688965,0.15419679880142212,0.5673014521598816
2,UNet,1002526,1,0.9318205118179321,35.248966217041016,0.08146274834871292,0.34395453333854675,0.1615350522231159,22.461662263899047,2.84844708442688,0.15904806554317474,0.5984586477279663
2,UNet,1002526,2,0.9239266514778137,34.875221252441406,0.08536512404680252,0.3481155037879944,0.15813266266609002,22.102351548710217,3.0174331665039062,0.1605069637298584,0.6045328974723816
2,UNet,1002526,3,0.9101682901382446,34.570308685302734,0.08853226155042648,0.3534926474094391,0.15354694339621766,21.822963838993417,3.1237826347351074,0.16437654197216034,0.6400756239891052
2,UNet,1002538,0,0.8623226284980774,31.286788940429688,0.17584659159183502,0.4252224862575531,0.1482406748498259,15.343285110431745,5.354825019836426,0.19266383349895477,0.8543395400047302
2,UNet,1002538,1,0.852018415927887,31.29541778564453,0.17355965077877045,0.44713789224624634,0.1431815018445587,14.699396534362254,5.595776557922363,0.20662204921245575,0.8907676935195923
2,UNet,1002538,2,0.8233191967010498,30.68792724609375,0.18786723911762238,0.4701794683933258,0.1357412948213616,14.041278473963267,6.47524881362915,0.2133772373199463,0.9537871479988098
2,UNet,1002538,3,0.7783964276313782,30.365142822265625,0.19184844195842743,0.4898729622364044,0.12462708383817317,13.949665365672548,8.201362609863281,0.2296256422996521,1.0476610660552979
4,UNet,1000017,0,0.6665630340576172,29.183940887451172,0.19386738538742065,0.5604569911956787,0.11519223538941764,15.655985844006919,9.786736488342285,0.3276625871658325,2.403214931488037
4,UNet,1000017,1,0.64251309633255,28.62959861755371,0.2022276520729065,0.5673545598983765,0.11177560970184404,15.233864888063957,9.97954273223877,0.3348199129104614,2.4684243202209473
4,UNet,1000017,2,0.5952721238136292,27.95147705078125,0.21623341739177704,0.5793133974075317,0.10597154269660003,15.04683676581298,10.980273246765137,0.34991514682769775,2.611299514770508
4,UNet,1000017,3,0.5283108949661255,26.86180305480957,0.23852093517780304,0.5993354320526123,0.0992510484353027,14.841977261954122,12.239450454711914,0.3667374849319458,2.6739425659179688
4,UNet,1000026,0,0.644727349281311,28.241008758544922,0.16996537148952484,0.6056366562843323,0.12110044844295169,16.962907742274066,10.551660537719727,0.2988486886024475,1.829077959060669
4,UNet,1000026,1,0.6302184462547302,27.993560791015625,0.1758316159248352,0.6134307384490967,0.1180221064412688,16.452877739750043,10.962635040283203,0.30662432312965393,1.8562307357788086
4,UNet,1000026,2,0.5921332240104675,27.46067237854004,0.1881234049797058,0.6272487044334412,0.11207824881995239,15.89490698412331,12.000016212463379,0.3147706985473633,1.9325616359710693
4,UNet,1000026,3,0.5331267714500427,26.621013641357422,0.20387420058250427,0.6448773145675659,0.1055402776801171,15.649168150114367,13.759347915649414,0.33074697852134705,2.028933048248291
4,UNet,1000041,0,0.7841599583625793,28.95394515991211,0.11554332822561264,0.5504795908927917,0.11927980038013032,16.86251631385841,6.8436689376831055,0.3075331747531891,1.871178150177002
4,UNet,1000041,1,0.7814542055130005,28.333480834960938,0.12384994328022003,0.5533119440078735,0.11733034692850909,15.666318031263177,7.28136682510376,0.3151802122592926,1.9135445356369019
4,UNet,1000041,2,0.7773270606994629,28.320545196533203,0.12411320209503174,0.5540240406990051,0.11680824558650657,15.664526054618989,7.264388084411621,0.3160659968852997,1.9240583181381226
4,UNet,1000041,3,0.7691755890846252,28.263328552246094,0.12490971386432648,0.5547557473182678,0.11582924459551654,15.656395997968797,7.338288307189941,0.3200494647026062,1.981490969657898
4,UNet,1000071,0,0.8044300079345703,28.212984085083008,0.1587325930595398,0.6222084760665894,0.11829456150634905,15.587340394428042,8.010579109191895,0.31203219294548035,1.9646224975585938
4,UNet,1000071,1,0.8030975461006165,28.389209747314453,0.15452806651592255,0.625379204750061,0.11796026477894368,15.478747767352534,8.047112464904785,0.31479594111442566,1.9895249605178833
4,UNet,1000071,2,0.7951233983039856,28.188602447509766,0.1588616520166397,0.6283320188522339,0.11637715377174218,15.288878815564608,8.156074523925781,0.31442466378211975,1.998387336730957
4,UNet,1000071,3,0.7763635516166687,28.605113983154297,0.1486045867204666,0.6287328600883484,0.11431054457163836,15.67430984164676,8.442298889160156,0.3224111497402191,2.0419492721557617
4,UNet,1000107,0,0.7989457845687866,26.295265197753906,0.1429274082183838,0.568396806716919,0.12462344295289841,17.10544935356775,6.892844200134277,0.3024066090583801,1.9167119264602661
4,UNet,1000107,1,0.7930489778518677,26.337848663330078,0.14195190370082855,0.5703291893005371,0.1238134740592124,16.964841906905743,6.955702304840088,0.3065158426761627,1.9058018922805786
4,UNet,1000107,2,0.7802822589874268,26.211273193359375,0.14429089426994324,0.5726125836372375,0.12219489813551404,16.826202420582593,6.9802565574646,0.30722981691360474,1.956757664680481
4,UNet,1000107,3,0.7577582001686096,26.137849807739258,0.14541937410831451,0.5745024681091309,0.11959989919472347,16.739192578089504,7.227075099945068,0.31490379571914673,2.0241291522979736
4,UNet,1000153,0,0.7382383346557617,27.862607955932617,0.13916675746440887,0.5544208288192749,0.1181114967436043,16.04576523344575,7.615785121917725,0.29502496123313904,2.043083429336548
4,UNet,1000153,1,0.7218984365463257,27.527320861816406,0.1432635635137558,0.5563156008720398,0.117287773621709,15.971239050802781,7.649170875549316,0.29960066080093384,2.0609700679779053
4,UNet,1000153,2,0.7057681083679199,27.5506591796875,0.14340592920780182,0.5576019883155823,0.11619658171390315,16.003993132317426,7.705594062805176,0.3034658432006836,2.11049222946167
4,UNet,1000153,3,0.6807163953781128,27.31377601623535,0.14688953757286072,0.5605030059814453,0.11345037005724692,15.958559212893055,7.844776153564453,0.3095126450061798,2.1940252780914307
4,UNet,1000178,0,0.6965951919555664,28.056720733642578,0.20379701256752014,0.571809709072113,0.12351774774364101,13.867519118464504,10.726234436035156,0.31529372930526733,2.000086545944214
4,UNet,1000178,1,0.7080466151237488,22.734207153320312,0.4921512007713318,0.7089865207672119,0.12080221167005374,6.508869913904574,11.081204414367676,0.3179590106010437,2.030646324157715
4,UNet,1000178,2,0.6834136247634888,22.813232421875,0.48253485560417175,0.709892749786377,0.11614264593667756,6.53292754057608,11.622964859008789,0.3235144317150116,2.0431056022644043
4,UNet,1000178,3,0.648973822593689,22.552444458007812,0.5016995072364807,0.7290270328521729,0.110541781050932,6.0562017870966045,12.878857612609863,0.33600690960884094,2.1394927501678467
4,UNet,1000196,0,0.703057587146759,26.550888061523438,0.17601971328258514,0.614135205745697,0.11289250188266506,13.143429752518578,10.493827819824219,0.36439716815948486,2.58176589012146
4,UNet,1000196,1,0.7241498231887817,28.55829620361328,0.1548626720905304,0.6319759488105774,0.11038926596070352,13.503884026473141,10.78856372833252,0.36534184217453003,2.4963529109954834
4,UNet,1000196,2,0.6932923197746277,28.301631927490234,0.160843625664711,0.6432363390922546,0.10580700293945695,13.415507134449573,11.730934143066406,0.37632256746292114,2.5197861194610596
4,UNet,1000196,3,0.6529263854026794,27.882699966430664,0.17237144708633423,0.6601208448410034,0.10162747713974275,13.17548164695625,12.769773483276367,0.39021235704421997,2.6028871536254883
4,UNet,1000206,0,0.7198883891105652,27.92719268798828,0.18284112215042114,0.6353718638420105,0.11966110248512914,15.600621828427881,10.614618301391602,0.32964837551116943,2.1264944076538086
4,UNet,1000206,1,0.7032023072242737,27.986995697021484,0.17933045327663422,0.638921320438385,0.11799482994107134,15.590513396409465,10.866562843322754,0.3367268443107605,2.1468374729156494
4,UNet,1000206,2,0.6785205006599426,27.500869750976562,0.19224107265472412,0.6450616717338562,0.1129176026418303,15.020596084220108,11.360779762268066,0.3433053493499756,2.2238006591796875
4,UNet,1000206,3,0.6482527852058411,26.608049392700195,0.2196645587682724,0.6557523608207703,0.11093638602834091,13.789795580558,12.869565963745117,0.34714996814727783,2.2245349884033203
4,UNet,1000264,0,0.8094250559806824,30.62433433532715,0.1111399382352829,0.6601997017860413,0.11686169932120263,17.048007477553387,8.347742080688477,0.3008444309234619,1.9393080472946167
4,UNet,1000264,1,0.8008545637130737,30.670814514160156,0.1098252609372139,0.6615197658538818,0.11617645573698997,16.99112618353216,8.46049976348877,0.30552762746810913,1.9530680179595947
4,UNet,1000264,2,0.7891659140586853,30.565887451171875,0.11111801117658615,0.6629226803779602,0.11463891423054565,16.968586198398427,8.670052528381348,0.3075064718723297,2.001894950866699
4,UNet,1000264,3,0.7726727724075317,30.214794158935547,0.11683789640665054,0.6701579093933105,0.11284523847573456,16.685876983721034,9.200028419494629,0.3159096837043762,2.054047107696533
4,UNet,1000292,0,0.6671274304389954,28.880767822265625,0.21261553466320038,0.5485424399375916,0.11531036225568347,14.38088554061165,9.150612831115723,0.30085188150405884,2.117769956588745
4,UNet,1000292,1,0.6515766978263855,28.75102996826172,0.21413296461105347,0.5538477897644043,0.11205243768204388,14.11067072845809,9.172884941101074,0.30374908447265625,2.161531448364258
4,UNet,1000292,2,0.6157722473144531,28.32762908935547,0.224099263548851,0.5627066493034363,0.10780248144884406,13.858007807992308,9.944856643676758,0.31239137053489685,2.2277235984802246
4,UNet,1000292,3,0.56852787733078,27.733367919921875,0.23882392048835754,0.5765080451965332,0.1017912212281562,13.550164889641982,10.974379539489746,0.32299157977104187,2.281844139099121
4,UNet,1000314,0,0.8215675354003906,30.81761360168457,0.09872318804264069,0.5887539982795715,0.12025588036230116,18.495724029265865,7.522767066955566,0.32041794061660767,2.0039403438568115
4,UNet,1000314,1,0.8236207365989685,30.10451316833496,0.10959325730800629,0.6086636185646057,0.119399086707541,17.440381097551285,7.537228584289551,0.3224433660507202,2.029445171356201
4,UNet,1000314,2,0.8160169124603271,30.033618927001953,0.11049480736255646,0.6103813052177429,0.11870623213318607,17.41075062137187,7.631261348724365,0.3252975344657898,2.0515658855438232
4,UNet,1000314,3,0.8041229248046875,29.889371871948242,0.11269433051347733,0.6124682426452637,0.11751203623379458,17.32524528460058,7.788880348205566,0.3284771740436554,2.124363660812378
4,UNet,1000323,0,0.8170424103736877,30.60990333557129,0.1054307073354721,0.6751371026039124,0.11207845399931303,17.54123169628788,9.5118989944458,0.34036314487457275,2.2555997371673584
4,UNet,1000323,1,0.818988025188446,30.49880599975586,0.10629235208034515,0.6816994547843933,0.1116249825533811,17.41665766809257,9.510079383850098,0.34753572940826416,2.2762584686279297
4,UNet,1000323,2,0.8118500709533691,30.36457061767578,0.10720614343881607,0.6815404295921326,0.11082220988439315,17.39141376412199,9.619913101196289,0.35010772943496704,2.3052003383636475
4,UNet,1000323,3,0.8026475310325623,30.31327247619629,0.10815445333719254,0.6843498945236206,0.10854670250572664,17.420936618252906,9.862166404724121,0.3555530905723572,2.354067802429199
4,UNet,1000344,0,0.7536051273345947,24.952110290527344,0.49028414487838745,0.7005529403686523,0.11555727662541596,6.941723759331384,9.866385459899902,0.3160676956176758,2.0867607593536377
4,UNet,1000344,1,0.7483095526695251,25.125410079956055,0.47361648082733154,0.7177743911743164,0.11344959885921882,6.820003400717859,10.140087127685547,0.3260303735733032,2.127840995788574
4,UNet,1000344,2,0.728072464466095,25.073606491088867,0.4754123389720917,0.7233644723892212,0.10820486484552569,6.658400300098758,10.971172332763672,0.33310872316360474,2.1730270385742188
4,UNet,1000344,3,0.6973455548286438,24.90142822265625,0.48622214794158936,0.741570234298706,0.10199598118492925,6.256443464024994,11.99942684173584,0.33823588490486145,2.218660593032837
4,UNet,1000432,0,0.7491495609283447,27.81948471069336,0.13172882795333862,0.5715826153755188,0.11754777459980545,15.76774651340438,6.92254114151001,0.31683969497680664,2.1178531646728516
4,UNet,1000432,1,0.7380983233451843,27.601032257080078,0.13458609580993652,0.5758398175239563,0.11643966285792502,15.485203028034817,7.04874324798584,0.3246685862541199,2.1373603343963623
4,UNet,1000432,2,0.7239813804626465,27.538633346557617,0.1361132562160492,0.5780417919158936,0.11502184944130846,15.430641090850628,7.144423007965088,0.32587379217147827,2.1506540775299072
4,UNet,1000432,3,0.6940250992774963,27.126903533935547,0.14002440869808197,0.5799776315689087,0.11397184516557769,15.468214750944004,7.267238616943359,0.3319367468357086,2.2256698608398438
4,UNet,1000464,0,0.7627151012420654,24.080705642700195,0.18515339493751526,0.7162303924560547,0.11534340848697451,13.020008781329487,11.192153930664062,0.3930875360965729,3.0534892082214355
4,UNet,1000464,1,0.7866063714027405,26.52810287475586,0.14974616467952728,0.730610191822052,0.11512416666279814,13.95649868867449,11.28249740600586,0.390643835067749,2.966700315475464
4,UNet,1000464,2,0.7866608500480652,26.84400749206543,0.1456950604915619,0.7313719987869263,0.11451970396067473,14.08648174774463,11.34678840637207,0.39116784930229187,2.969696044921875
4,UNet,1000464,3,0.779834508895874,26.388275146484375,0.1517014056444168,0.7311686277389526,0.11391616192784824,13.930358694469373,11.400097846984863,0.3948180675506592,2.980534315109253
4,UNet,1000538,0,0.7381277680397034,31.56131362915039,0.14211080968379974,0.551224410533905,0.1210917298770003,17.770572058468545,9.179704666137695,0.30228957533836365,2.075455665588379
4,UNet,1000538,1,0.7141681909561157,30.938322067260742,0.14981254935264587,0.5560100078582764,0.11847491476052863,17.62474114644392,9.453768730163574,0.30858099460601807,2.1308484077453613
4,UNet,1000538,2,0.6910122036933899,30.940134048461914,0.1527683585882187,0.5647567510604858,0.11252953828893379,17.417140939954212,10.316381454467773,0.32102903723716736,2.193667411804199
4,UNet,1000538,3,0.6450080275535583,30.193058013916016,0.16508397459983826,0.5795080065727234,0.10793441899349053,17.24323437276702,11.23513412475586,0.33591437339782715,2.2512781620025635
4,UNet,1000591,0,0.7985968589782715,32.124427795410156,0.15516367554664612,0.5292602181434631,0.12556290581413335,16.194779532369328,10.431923866271973,0.3297029137611389,2.0292704105377197
4,UNet,1000591,1,0.7822694182395935,31.670055389404297,0.1610354483127594,0.5326711535453796,0.12133038657108182,15.258026611757556,10.646989822387695,0.33515414595603943,2.1332340240478516
4,UNet,1000591,2,0.7638972997665405,31.48651123046875,0.16603201627731323,0.5362215638160706,0.11758965283597272,15.1421566904222,10.973750114440918,0.3415067195892334,2.175635576248169
4,UNet,1000591,3,0.7289094924926758,31.084585189819336,0.17171457409858704,0.5439112186431885,0.1143062874836387,15.106939997949775,11.381546020507812,0.3559266924858093,2.3225133419036865
4,UNet,1000697,0,0.8546333312988281,30.252273559570312,0.12065941840410233,0.6098869442939758,0.12286878639922592,18.690482052457877,7.374139308929443,0.28783750534057617,1.715357780456543
4,UNet,1000697,1,0.8477898836135864,29.934309005737305,0.12435777485370636,0.6102524995803833,0.12258613170553409,18.64089367100671,7.376767158508301,0.29033851623535156,1.7211087942123413
4,UNet,1000697,2,0.843557596206665,29.9781494140625,0.12390508502721786,0.6103999614715576,0.12179570825601276,18.685703968055726,7.423358917236328,0.29398664832115173,1.7388794422149658
4,UNet,1000697,3,0.8331395387649536,29.68086051940918,0.1274854689836502,0.6118138432502747,0.12122751037379641,18.58099015206723,7.338380336761475,0.29735633730888367,1.8201534748077393
4,UNet,1000735,0,0.7758097052574158,28.689878463745117,0.12547779083251953,0.6062519550323486,0.12761887555868934,17.05913531438654,9.017956733703613,0.3170781433582306,2.2106313705444336
4,UNet,1000735,1,0.7679364085197449,28.5659122467041,0.1266258955001831,0.6063240766525269,0.12745769790317488,17.041717154466333,9.02073860168457,0.32023322582244873,2.2358932495117188
4,UNet,1000735,2,0.7679364085197449,28.56591033935547,0.1266259104013443,0.6063240170478821,0.12745769759546366,17.04171694849556,9.02073860168457,0.32023319602012634,2.2358932495117188
4,UNet,1000735,3,0.7679364681243896,28.56591033935547,0.1266259253025055,0.6063240170478821,0.12745769238763102,17.041720888243038,9.02073860168457,0.3202332556247711,2.2358932495117188
4,UNet,1000759,0,0.7713134288787842,27.34781265258789,0.12645508348941803,0.580104410648346,0.12403230475536403,14.232780983380302,6.916412353515625,0.31026893854141235,2.1471545696258545
4,UNet,1000759,1,0.7682636976242065,27.170982360839844,0.12852539122104645,0.5808147192001343,0.12351565990346476,14.095055411736094,6.986390113830566,0.31261545419692993,2.1488099098205566
4,UNet,1000759,2,0.7627305388450623,27.29062843322754,0.12755875289440155,0.5807002782821655,0.12264395577079193,14.137249219267389,6.99636697769165,0.3153536915779114,2.1726150512695312
4,UNet,1000759,3,0.7496254444122314,27.23472785949707,0.12835390865802765,0.5816383957862854,0.12262076159440775,14.13416025749414,7.082784175872803,0.31782352924346924,2.2451000213623047
4,UNet,1000769,0,0.7747712135314941,25.613033294677734,0.16679850220680237,0.5991947650909424,0.12685377092291855,13.1951915447335,7.374096870422363,0.30767473578453064,2.079300880432129
4,UNet,1000769,1,0.770618200302124,25.347225189208984,0.1708516776561737,0.5996649265289307,0.1263070584936837,13.110498755214737,7.457035064697266,0.3101792633533478,2.085585117340088
4,UNet,1000769,2,0.7644150257110596,25.50086784362793,0.1685885637998581,0.5995661020278931,0.12509311520092406,13.179943159447603,7.402917385101318,0.31172052025794983,2.111945390701294
4,UNet,1000769,3,0.7465554475784302,24.98310089111328,0.1767217069864273,0.6026358604431152,0.12466479811267524,13.004292158065386,7.463784217834473,0.3184921145439148,2.1917543411254883
4,UNet,1000891,0,0.7494234442710876,25.083648681640625,0.21478797495365143,0.5465155243873596,0.1129901055897222,13.052107577367071,6.576003074645996,0.28183412551879883,2.110954999923706
4,UNet,1000891,1,0.7312594056129456,25.147104263305664,0.2119918018579483,0.5507038831710815,0.11199137177445558,12.600626000871749,6.6859259605407715,0.285544753074646,2.1425509452819824
4,UNet,1000891,2,0.7148609161376953,25.038131713867188,0.21497076749801636,0.5535333752632141,0.11113357703462658,12.503640948479454,6.777041435241699,0.29003697633743286,2.1586804389953613
4,UNet,1000891,3,0.6868460774421692,25.06875228881836,0.21302653849124908,0.5572101473808289,0.10761028309763196,12.446439841788614,7.003503322601318,0.30027222633361816,2.2162575721740723
4,UNet,1000899,0,0.8176829218864441,30.58641815185547,0.18562209606170654,0.6595271825790405,0.1178292273101537,11.478458377090009,11.294306755065918,0.35509365797042847,2.0489096641540527
4,UNet,1000899,1,0.8121576905250549,30.84140968322754,0.17621064186096191,0.6722898483276367,0.11591096549820497,11.251585421054388,11.280433654785156,0.36226150393486023,2.096634864807129
4,UNet,1000899,2,0.7954997420310974,30.516252517700195,0.18443475663661957,0.6765456795692444,0.11205276277076678,11.096802834665695,11.698745727539062,0.3694556951522827,2.1274900436401367
4,UNet,1000899,3,0.7688179016113281,30.341262817382812,0.18715621531009674,0.6832714080810547,0.10841448557127156,11.025883136877301,12.791333198547363,0.3792110085487366,2.1813302040100098
4,UNet,1001064,0,0.7722012996673584,28.408634185791016,0.1345052719116211,0.5654444098472595,0.12260081376945542,15.336825403311407,8.129647254943848,0.3167886734008789,2.5620245933532715
4,UNet,1001064,1,0.7758347988128662,28.221385955810547,0.13635686039924622,0.5706242322921753,0.12145252484734731,14.888671420935736,8.207378387451172,0.3247956335544586,2.6120362281799316
4,UNet,1001064,2,0.7708340883255005,28.180957794189453,0.1363791525363922,0.5714444518089294,0.121544494823467,14.90688604060675,8.232975959777832,0.3268362283706665,2.6234290599823
4,UNet,1001064,3,0.761074423789978,28.086578369140625,0.13689246773719788,0.5730533003807068,0.12031887735275358,14.922120633914588,8.182222366333008,0.3332480490207672,2.6744046211242676
4,UNet,1001090,0,0.7445793151855469,29.033000946044922,0.16528061032295227,0.5551558136940002,0.11497841046104137,16.578330353506146,12.043499946594238,0.3262537717819214,2.746638774871826
4,UNet,1001090,1,0.7281849384307861,28.934715270996094,0.16615507006645203,0.5564605593681335,0.11434594009869371,16.56973073861809,12.204889297485352,0.332741379737854,2.772730827331543
4,UNet,1001090,2,0.7012625336647034,28.753549575805664,0.17010527849197388,0.5596508979797363,0.11001341839860679,16.50261741388649,12.589739799499512,0.3353700637817383,2.8044698238372803
4,UNet,1001090,3,0.6575483083724976,28.28859519958496,0.17744171619415283,0.5652564764022827,0.10653080004335522,16.422598228934916,12.97236442565918,0.34928977489471436,2.8920140266418457
4,UNet,1001096,0,0.7561888694763184,24.385061264038086,0.18937751650810242,0.6020643711090088,0.11435385086110778,14.944922135215005,5.849998950958252,0.3154906630516052,1.9349498748779297
4,UNet,1001096,1,0.7549377083778381,24.573959350585938,0.18490834534168243,0.6047275066375732,0.11384367274638447,14.921829251857927,5.8974504470825195,0.31825900077819824,1.9699753522872925
4,UNet,1001096,2,0.7438237071037292,24.735515594482422,0.1802959442138672,0.6056437492370605,0.11321579655086944,15.067112954912972,6.047225475311279,0.3225596845149994,2.006492853164673
4,UNet,1001096,3,0.7284298539161682,24.38896942138672,0.18925811350345612,0.6093676686286926,0.11219977559328011,14.688537819687754,6.301146507263184,0.32847657799720764,2.048696279525757
4,UNet,1001104,0,0.7215028405189514,26.1944580078125,0.13015195727348328,0.5792034864425659,0.1170812184015839,15.85426135329435,5.910632610321045,0.28071528673171997,1.9804399013519287
4,UNet,1001104,1,0.7014045715332031,26.01639175415039,0.1326654553413391,0.5820761919021606,0.11638483969926439,15.741246540000141,6.015727519989014,0.28675174713134766,2.0118119716644287
4,UNet,1001104,2,0.6805333495140076,26.300090789794922,0.12978686392307281,0.58385169506073,0.11446264934721938,15.831596458648608,6.037915229797363,0.2967258095741272,2.099299907684326
4,UNet,1001104,3,0.6433563232421875,25.819419860839844,0.13602089881896973,0.5872334837913513,0.11300778350120752,15.791404491653829,6.202712535858154,0.3082284927368164,2.2265942096710205
4,UNet,1001119,0,0.7388466000556946,26.73546600341797,0.22888880968093872,0.6498287320137024,0.09605490890318191,12.686627602772333,9.987527847290039,0.30881065130233765,2.145303249359131
4,UNet,1001119,1,0.727745532989502,26.825101852416992,0.22419729828834534,0.6536734700202942,0.09476338860616443,12.634730150696626,10.083966255187988,0.3152000308036804,2.194347381591797
4,UNet,1001119,2,0.6962121725082397,26.65064239501953,0.22824376821517944,0.6615132093429565,0.0915219379063282,12.470897516086904,10.590703010559082,0.3200247287750244,2.2873916625976562
4,UNet,1001119,3,0.6556850075721741,26.088449478149414,0.2463066577911377,0.6795951128005981,0.0877479127002751,11.752007784977552,11.461782455444336,0.33280932903289795,2.381833076477051
4,UNet,1001140,0,0.7472875118255615,30.332536697387695,0.17962314188480377,0.5995169281959534,0.11784304259129018,16.100509169718997,7.964298248291016,0.31186750531196594,1.8658725023269653
4,UNet,1001140,1,0.7309713959693909,29.78896713256836,0.18914282321929932,0.6061144471168518,0.11496028437606255,15.474050680437152,8.256489753723145,0.31720679998397827,1.96111261844635
4,UNet,1001140,2,0.7024157643318176,29.565563201904297,0.1946084052324295,0.6137524247169495,0.11184256819070947,15.439008054930934,9.034849166870117,0.32631823420524597,1.9729212522506714
4,UNet,1001140,3,0.6538313627243042,28.844867706298828,0.20857425034046173,0.6241458654403687,0.10645214187206707,15.306919941393884,10.306583404541016,0.33611947298049927,2.042980194091797
4,UNet,1001144,0,0.7022497653961182,27.806304931640625,0.16744525730609894,0.5883758068084717,0.12112298711034108,16.542736615643964,9.021061897277832,0.3220674395561218,2.2813804149627686
4,UNet,1001144,1,0.6826932430267334,27.202245712280273,0.17735636234283447,0.592974841594696,0.11917923232426421,16.172830217251867,9.31816291809082,0.3310866057872772,2.34519100189209
4,UNet,1001144,2,0.65274977684021,27.05376434326172,0.18059521913528442,0.6003929376602173,0.11420409340655249,16.239451397132708,9.864960670471191,0.3398018479347229,2.4134654998779297
4,UNet,1001144,3,0.6168927550315857,27.285533905029297,0.1787673979997635,0.6090940237045288,0.10929235490044695,16.488799786901374,10.872177124023438,0.3532574772834778,2.4745750427246094
4,UNet,1001159,0,0.628500759601593,21.494571685791016,0.5276612639427185,0.7080926299095154,0.10556411491861323,6.449258188420849,11.545816421508789,0.30425840616226196,1.8960551023483276
4,UNet,1001159,1,0.622017502784729,21.602170944213867,0.5178285837173462,0.7160695791244507,0.10252115838398305,6.398570261912494,11.08463191986084,0.3052923083305359,1.914197325706482
4,UNet,1001159,2,0.5882936716079712,21.381319046020508,0.533841609954834,0.7362428307533264,0.09690528669947433,6.014128320819809,12.155662536621094,0.31512752175331116,1.9860271215438843
4,UNet,1001159,3,0.5360323190689087,21.45989990234375,0.5152409672737122,0.7464202046394348,0.08970531198477592,6.107472041428453,13.56249713897705,0.32591068744659424,2.108163595199585
4,UNet,1001168,0,0.7317016124725342,28.147228240966797,0.12143707275390625,0.5446706414222717,0.11573051819163507,16.022675770837328,5.971392631530762,0.29216209053993225,2.1796958446502686
4,UNet,1001168,1,0.7077026963233948,27.93586540222168,0.12471509724855423,0.5478036403656006,0.11503627858507565,15.740550902781276,6.090527534484863,0.29725658893585205,2.2207705974578857
4,UNet,1001168,2,0.6816784143447876,27.825214385986328,0.12531112134456635,0.5501809120178223,0.11381089532670488,15.802995858923731,6.040533542633057,0.3047299385070801,2.283620834350586
4,UNet,1001168,3,0.647316038608551,27.499588012695312,0.13065670430660248,0.5550746917724609,0.11018439239168283,15.628995542943917,6.307839870452881,0.3162650167942047,2.4208240509033203
4,UNet,1001170,0,0.7919797301292419,26.370315551757812,0.1729861944913864,0.5892382860183716,0.12315631253133838,14.62623174367242,7.557255744934082,0.30400311946868896,1.917075514793396
4,UNet,1001170,1,0.7892557978630066,26.098726272583008,0.17722851037979126,0.5909521579742432,0.12260806668468824,14.595571938143038,7.586287021636963,0.3049744665622711,1.9866570234298706
4,UNet,1001170,2,0.782742440700531,25.98585319519043,0.17908571660518646,0.5918598175048828,0.12223046225526069,14.55887519897258,7.657957553863525,0.30750927329063416,1.9956772327423096
4,UNet,1001170,3,0.7771123647689819,26.398038864135742,0.1726958155632019,0.5908912420272827,0.12126686746149236,14.797446413745377,7.6183061599731445,0.3103892207145691,1.9785265922546387
4,UNet,1001184,0,0.8198677897453308,30.529781341552734,0.12500634789466858,0.6101571917533875,0.12614764572696058,16.74618725071752,8.707897186279297,0.33223944902420044,2.5488200187683105
4,UNet,1001184,1,0.8155591487884521,30.18484115600586,0.12901881337165833,0.6125630140304565,0.12571371198479722,16.483145483296344,8.79321575164795,0.3364388346672058,2.7481400966644287
4,UNet,1001184,2,0.8114739656448364,30.11663818359375,0.12983821332454681,0.6130622029304504,0.12496380586724169,16.473353108953724,8.861506462097168,0.3368586301803589,2.757991313934326
4,UNet,1001184,3,0.8047168254852295,30.074440002441406,0.13041932880878448,0.613213062286377,0.12472239420955515,16.47227932681614,8.828292846679688,0.33882054686546326,2.762766122817993
4,UNet,1001275,0,0.6329558491706848,26.35726547241211,0.25515344738960266,0.6119999885559082,0.11014966700627027,12.215576942606251,10.994202613830566,0.31287604570388794,1.7678605318069458
4,UNet,1001275,1,0.6128120422363281,26.36478614807129,0.25114619731903076,0.6187540292739868,0.10744695452701676,12.126931868236133,11.192145347595215,0.3207712769508362,1.824535608291626
4,UNet,1001275,2,0.5811032056808472,25.799997329711914,0.27241504192352295,0.6289225816726685,0.10333035450974296,11.48086679743517,11.735275268554688,0.326797217130661,1.8774871826171875
4,UNet,1001275,3,0.5257493257522583,25.402790069580078,0.2800094485282898,0.6457687616348267,0.09758570705990359,11.385826167562417,12.945239067077637,0.33833128213882446,1.943003535270691
4,UNet,1001381,0,0.8049903512001038,30.32498550415039,0.12582866847515106,0.6248225569725037,0.11109632348701506,17.040825450513186,10.056496620178223,0.3397280275821686,2.045114278793335
4,UNet,1001381,1,0.816003680229187,30.329362869262695,0.12475749850273132,0.6256474852561951,0.11072962411531509,17.071423550001615,10.067671775817871,0.34019580483436584,2.046426296234131
4,UNet,1001381,2,0.8154521584510803,30.301002502441406,0.1255256086587906,0.6261515617370605,0.1101603900786481,17.02778583140214,10.12922477722168,0.3416157066822052,2.048903226852417
4,UNet,1001381,3,0.8132795691490173,30.270679473876953,0.12597046792507172,0.6263588666915894,0.10952170466242915,17.024815615654923,10.12778377532959,0.3430575132369995,2.0729188919067383
4,UNet,1001651,0,0.7219422459602356,29.497638702392578,0.14721223711967468,0.5389804244041443,0.11959554437468,18.055313694142775,9.372796058654785,0.3077951669692993,2.009749174118042
4,UNet,1001651,1,0.7000017762184143,29.08033561706543,0.15320231020450592,0.5433833003044128,0.11772944546133933,17.800874099218866,9.670709609985352,0.3153535723686218,2.080335855484009
4,UNet,1001651,2,0.67463219165802,28.945953369140625,0.15612220764160156,0.5471448302268982,0.1148275492134906,17.819416576893083,10.082429885864258,0.31999629735946655,2.099675178527832
4,UNet,1001651,3,0.645565390586853,29.127424240112305,0.15635643899440765,0.5539505481719971,0.10886127751350816,17.780427183439127,10.474787712097168,0.3278871774673462,2.1233768463134766
4,UNet,1001655,0,0.782332181930542,23.319835662841797,0.3697413504123688,0.6109662652015686,0.11844254023085636,10.480500834460479,9.399724006652832,0.3108081817626953,2.4228124618530273
4,UNet,1001655,1,0.7761942148208618,23.434654235839844,0.3618243336677551,0.6151622533798218,0.11674492807011264,10.306793897951037,9.550939559936523,0.31661704182624817,2.4919633865356445
4,UNet,1001655,2,0.7609744071960449,23.573413848876953,0.35301443934440613,0.6158977150917053,0.11461733580598597,10.399829088396002,9.965867042541504,0.32160699367523193,2.539677619934082
4,UNet,1001655,3,0.7365978360176086,23.213573455810547,0.37338361144065857,0.6243810057640076,0.10915772803437744,9.842587295422208,10.485517501831055,0.328639954328537,2.5413482189178467
4,UNet,1001687,0,0.7600096464157104,27.307342529296875,0.13509488105773926,0.5958287715911865,0.11363634428292974,16.790311004664474,7.760466575622559,0.3201110363006592,1.9278818368911743
4,UNet,1001687,1,0.7610213756561279,27.483314514160156,0.1313619166612625,0.5974498391151428,0.11310655828682277,16.80845216484784,7.771994113922119,0.3236755132675171,1.9383418560028076
4,UNet,1001687,2,0.7546048164367676,27.273662567138672,0.13539168238639832,0.5994182825088501,0.112230692270733,16.6133279171436,7.825033664703369,0.3271934688091278,1.9684255123138428
4,UNet,1001687,3,0.740305483341217,27.448776245117188,0.13113197684288025,0.5989527702331543,0.11055676444997978,16.809508245768043,7.9401350021362305,0.331541508436203,1.971146583557129
4,UNet,1001759,0,0.7614707350730896,27.1895751953125,0.12600332498550415,0.6199710965156555,0.1099881537770779,15.409337770209405,7.787670135498047,0.30042868852615356,2.082718849182129
4,UNet,1001759,1,0.750501811504364,26.96954345703125,0.12845490872859955,0.6224019527435303,0.10918364337890905,15.295794188463601,7.846800327301025,0.30292269587516785,2.1253044605255127
4,UNet,1001759,2,0.7400810718536377,26.84878921508789,0.12990355491638184,0.6233217716217041,0.10852722716239446,15.268407028935801,7.8429975509643555,0.3051607608795166,2.125349998474121
4,UNet,1001759,3,0.7257677316665649,26.883846282958984,0.129757821559906,0.6234056949615479,0.10769955061519951,15.287758968963768,7.910473823547363,0.3060470521450043,2.149524450302124
4,UNet,1001763,0,0.7494798898696899,27.380290985107422,0.14237283170223236,0.6726596355438232,0.10721968158480896,15.723213180375964,10.285135269165039,0.35523757338523865,2.543048143386841
4,UNet,1001763,1,0.7548043131828308,27.407176971435547,0.1411365270614624,0.6730866432189941,0.10700333588185075,15.722281329899833,10.301751136779785,0.3564361035823822,2.536553144454956
4,UNet,1001763,2,0.752264142036438,27.410390853881836,0.14071950316429138,0.673064649105072,0.10653656456858976,15.754380267239231,10.29675579071045,0.35698822140693665,2.5309152603149414
4,UNet,1001763,3,0.7486000061035156,27.384090423583984,0.14112570881843567,0.6736020445823669,0.10579132454140831,15.751310239814778,10.413100242614746,0.3570758104324341,2.54256010055542
4,UNet,1001798,0,0.6679149270057678,27.708740234375,0.2428235560655594,0.5785792469978333,0.11620851686477432,13.348653418774763,9.792362213134766,0.2883242964744568,2.199629783630371
4,UNet,1001798,1,0.6510173082351685,27.485965728759766,0.24968363344669342,0.5842823386192322,0.11317691620433006,12.914226889580442,10.139719009399414,0.2917819619178772,2.262016773223877
4,UNet,1001798,2,0.6103905439376831,27.28412628173828,0.2511321008205414,0.5937617421150208,0.10765223175177063,12.932186988672383,10.884248733520508,0.3005354404449463,2.3201394081115723
4,UNet,1001798,3,0.5517505407333374,26.932537078857422,0.25277790427207947,0.6055313348770142,0.10348846292103435,13.255830628442627,11.953187942504883,0.3165261447429657,2.4132425785064697
4,UNet,1001850,0,0.7592136859893799,30.7032413482666,0.18377062678337097,0.5271258354187012,0.1273242910409531,15.948709547334472,10.265828132629395,0.33810943365097046,2.60788893699646
4,UNet,1001850,1,0.7442179322242737,29.81662940979004,0.2002495974302292,0.5378395318984985,0.12358261279150119,14.91439008196794,10.478131294250488,0.3441832959651947,2.715057373046875
4,UNet,1001850,2,0.711516797542572,29.46495819091797,0.20749260485172272,0.5432080626487732,0.11928464886163043,14.89856868091846,10.759283065795898,0.354739248752594,2.800352096557617
4,UNet,1001850,3,0.6712686419487,29.3079833984375,0.21274279057979584,0.5521817803382874,0.11508194093596387,14.990670815515948,11.61744499206543,0.3714869022369385,2.9187283515930176
4,UNet,1001851,0,0.7151140570640564,29.268524169921875,0.16770039498806,0.5493548512458801,0.1211196098528905,16.77513777824664,10.288191795349121,0.3046496510505676,2.2319278717041016
4,UNet,1001851,1,0.6988939046859741,28.93377685546875,0.17264340817928314,0.5530816912651062,0.11916154451329915,16.439836150973072,10.485044479370117,0.3105103075504303,2.2693827152252197
4,UNet,1001851,2,0.6650857329368591,28.614620208740234,0.17877714335918427,0.5574433207511902,0.11629944323232266,16.386083939279068,11.036378860473633,0.31775301694869995,2.2964260578155518
4,UNet,1001851,3,0.6072799563407898,27.588531494140625,0.19523271918296814,0.570469081401825,0.1121383076966305,16.185139910661213,11.705400466918945,0.33286166191101074,2.4433109760284424
4,UNet,1001938,0,0.689000129699707,27.301198959350586,0.1839517205953598,0.6578332185745239,0.09730854767552548,14.225366400975645,11.023333549499512,0.3435060381889343,2.6118204593658447
4,UNet,1001938,1,0.6775818467140198,26.90741729736328,0.1898987591266632,0.6608731150627136,0.09575865338059159,14.10154954973921,11.270978927612305,0.3513326644897461,2.668607473373413
4,UNet,1001938,2,0.6496827006340027,26.751510620117188,0.19371630251407623,0.6667030453681946,0.09303315453733575,14.034379291633902,11.824951171875,0.35606008768081665,2.6379499435424805
4,UNet,1001938,3,0.6153618097305298,26.651992797851562,0.1982831358909607,0.6732203960418701,0.09033101290765261,13.826738874275247,12.648641586303711,0.3670819103717804,2.641833782196045
4,UNet,1001959,0,0.6928929686546326,28.301774978637695,0.18163222074508667,0.6346237063407898,0.1175723203712858,15.58574269767226,9.501504898071289,0.32888489961624146,2.0576415061950684
4,UNet,1001959,1,0.6771146655082703,27.965612411499023,0.18703563511371613,0.636975109577179,0.11602278382686144,15.473672365176924,9.713784217834473,0.33350107073783875,2.105668067932129
4,UNet,1001959,2,0.6542399525642395,28.022350311279297,0.18815463781356812,0.6412671804428101,0.11016503756277841,15.49748606029092,10.53354549407959,0.341203510761261,2.1239781379699707
4,UNet,1001959,3,0.5992762446403503,26.898754119873047,0.20741993188858032,0.6509889364242554,0.10553025955738085,15.268280108004744,12.02702808380127,0.35354793071746826,2.242180347442627
4,UNet,1001995,0,0.7458775639533997,27.06622314453125,0.16501256823539734,0.5858672261238098,0.11311389273778277,13.73721337615237,7.440164089202881,0.3165004849433899,2.198263168334961
4,UNet,1001995,1,0.734900176525116,27.09847640991211,0.16386379301548004,0.5866956114768982,0.11247556350245944,13.666779289219448,7.45062255859375,0.32149794697761536,2.202427864074707
4,UNet,1001995,2,0.7193006277084351,27.063404083251953,0.16386955976486206,0.5885278582572937,0.11139168128610517,13.672692518933133,7.598165988922119,0.32570701837539673,2.2436184883117676
4,UNet,1001995,3,0.6999577283859253,26.850358963012695,0.16913190484046936,0.5897810459136963,0.10971738721996685,13.517774077612115,7.707798957824707,0.3305256962776184,2.2600204944610596
4,UNet,1001997,0,0.6585105657577515,27.26028060913086,0.2245519906282425,0.6174652576446533,0.10872025676952042,13.109070979684867,9.935382843017578,0.31036376953125,1.9977151155471802
4,UNet,1001997,1,0.6409849524497986,27.338411331176758,0.21959169209003448,0.6221427917480469,0.10588795388299986,13.044502869119444,10.104043960571289,0.31607741117477417,2.0668747425079346
4,UNet,1001997,2,0.6057196855545044,26.646472930908203,0.24219468235969543,0.6392026543617249,0.10176210728514723,12.133968490775382,11.123040199279785,0.32306423783302307,2.12487530708313
4,UNet,1001997,3,0.5409678816795349,26.279394149780273,0.2441786676645279,0.6560942530632019,0.09600792923903569,12.288817853733429,12.366998672485352,0.33812621235847473,2.252634048461914
4,UNet,1002007,0,0.7307985424995422,26.702327728271484,0.209639310836792,0.6146147847175598,0.11805868743688548,13.857752183924308,9.428486824035645,0.2986619770526886,2.12100887298584
4,UNet,1002007,1,0.7347543239593506,26.876794815063477,0.2045123279094696,0.6160398721694946,0.1164336431494908,13.706354541281367,9.453953742980957,0.30108359456062317,2.1759145259857178
4,UNet,1002007,2,0.7347545027732849,26.876792907714844,0.20451238751411438,0.6160399317741394,0.11643364147212273,13.706354742778377,9.45395278930664,0.30108362436294556,2.1759142875671387
4,UNet,1002007,3,0.7347543239593506,26.876794815063477,0.204512357711792,0.6160398721694946,0.11643364452222953,13.706350872042815,9.453953742980957,0.30108359456062317,2.1759145259857178
4,UNet,1002035,0,0.7412038445472717,25.792970657348633,0.14129428565502167,0.576042115688324,0.1241062523400961,17.683035463487847,6.5302414894104,0.30650293827056885,2.1923317909240723
4,UNet,1002035,1,0.7254446744918823,25.603137969970703,0.14397922158241272,0.5780627131462097,0.12343622904710988,17.67988782406713,6.593415260314941,0.3084701895713806,2.2112491130828857
4,UNet,1002035,2,0.7037482261657715,25.162019729614258,0.15014567971229553,0.5799474716186523,0.12275989615173998,17.511658663780366,6.626560211181641,0.31579190492630005,2.289640188217163
4,UNet,1002035,3,0.6791664361953735,25.426836013793945,0.14693880081176758,0.5825400352478027,0.12059512718844279,17.765787157627063,6.656647682189941,0.3220624327659607,2.4066002368927
4,UNet,1002274,0,0.7884209156036377,26.892433166503906,0.18031102418899536,0.6546478867530823,0.11305432929017956,14.985610574178342,11.493291854858398,0.3398244380950928,2.5618019104003906
4,UNet,1002274,1,0.7883540987968445,27.12136459350586,0.17434221506118774,0.656973659992218,0.11187333576157518,14.949121060418113,11.626468658447266,0.34291619062423706,2.5803768634796143
4,UNet,1002274,2,0.7812379002571106,26.83525848388672,0.18153542280197144,0.6587751507759094,0.1109871216883629,14.689594657445832,11.765096664428711,0.34709787368774414,2.6058762073516846
4,UNet,1002274,3,0.7671463489532471,27.296092987060547,0.1693388968706131,0.6590385437011719,0.10923474617681177,15.045804964643088,12.096135139465332,0.35042035579681396,2.6388580799102783
4,UNet,1002351,0,0.7040506601333618,25.126230239868164,0.1445881426334381,0.7455859184265137,0.11533176127172477,14.396509349408277,10.879112243652344,0.36525022983551025,2.8149023056030273
4,UNet,1002351,1,0.7033287286758423,24.77400779724121,0.14972327649593353,0.7480499744415283,0.11542215378444057,14.041563343225427,10.950940132141113,0.3700636327266693,2.793156385421753
4,UNet,1002351,2,0.6994648575782776,24.91733741760254,0.14802776277065277,0.7480575442314148,0.11403548558584677,14.091621199825733,10.977642059326172,0.3734895586967468,2.8062238693237305
4,UNet,1002351,3,0.689834713935852,24.852628707885742,0.14903751015663147,0.7496283054351807,0.11380431083770508,14.090047668902901,11.050878524780273,0.3780386447906494,2.868422746658325
4,UNet,1002380,0,0.621043860912323,25.684926986694336,0.2252509891986847,0.6642666459083557,0.11318541077091063,12.870565778831244,10.927024841308594,0.31190964579582214,1.9704782962799072
4,UNet,1002380,1,0.6011047959327698,25.570919036865234,0.22791557013988495,0.6745252013206482,0.1096518482414634,12.495272351587062,11.480866432189941,0.312775194644928,2.073136329650879
4,UNet,1002380,2,0.5532077550888062,25.45036506652832,0.22545258700847626,0.6859768629074097,0.10332870727753843,12.642681743402777,12.659490585327148,0.325222373008728,2.1360549926757812
4,UNet,1002380,3,0.49175167083740234,24.910104751586914,0.23505236208438873,0.7100481986999512,0.09602888168927576,12.463265900568011,14.264004707336426,0.3440217673778534,2.365417242050171
4,UNet,1002382,0,0.8169409036636353,30.399171829223633,0.10627122223377228,0.4902757406234741,0.11428126896233676,17.433955300398228,6.148218631744385,0.30120018124580383,1.808450698852539
4,UNet,1002382,1,0.8164482712745667,29.968830108642578,0.11060497164726257,0.4934523105621338,0.11366160514467356,16.339711357762503,6.182527542114258,0.3060482442378998,1.8210071325302124
4,UNet,1002382,2,0.8122320771217346,29.95273208618164,0.11125807464122772,0.49360600113868713,0.11353772412973095,16.32579796905832,6.182766914367676,0.3113069534301758,1.8376450538635254
4,UNet,1002382,3,0.8015549182891846,29.858713150024414,0.11169350892305374,0.4948037564754486,0.11235862542302448,16.325958085187562,6.215361595153809,0.31495600938796997,1.8763152360916138
4,UNet,1002412,0,0.709555447101593,30.15762710571289,0.19517561793327332,0.5790240168571472,0.12027798880688141,16.266789864171315,11.085725784301758,0.3206946849822998,2.1675713062286377
4,UNet,1002412,1,0.6935908198356628,30.00201416015625,0.19946494698524475,0.5818601250648499,0.11817383337924114,16.036012867951904,11.261402130126953,0.3259012699127197,2.1586692333221436
4,UNet,1002412,2,0.6563694477081299,29.46141815185547,0.20811763405799866,0.5891831517219543,0.11340009257775147,16.11009678930674,11.907742500305176,0.33558398485183716,2.2452523708343506
4,UNet,1002412,3,0.6212323904037476,29.058401107788086,0.22072166204452515,0.5957230925559998,0.10933483515112441,15.590637125637652,12.842073440551758,0.3444814085960388,2.2425453662872314
4,UNet,1002417,0,0.7634071111679077,24.707136154174805,0.15968099236488342,0.7381492257118225,0.12007165013880121,12.165521039547517,10.744502067565918,0.3914720416069031,2.8284683227539062
4,UNet,1002417,1,0.7627830505371094,23.70705795288086,0.1769329011440277,0.7677861452102661,0.11933439266911074,11.133433828132656,10.486482620239258,0.3952453136444092,2.8163113594055176
4,UNet,1002417,2,0.7611094117164612,23.719758987426758,0.17674686014652252,0.7676601409912109,0.1191106459916439,11.13913773092726,10.501728057861328,0.3956314027309418,2.8082118034362793
4,UNet,1002417,3,0.758385956287384,23.751323699951172,0.1763005405664444,0.7685045599937439,0.11846615169756798,11.14393133666976,10.558369636535645,0.3966330885887146,2.8264238834381104
4,UNet,1002451,0,0.7095624804496765,28.660785675048828,0.17198967933654785,0.6345174908638,0.10284355322834898,13.70428497046904,11.067192077636719,0.35376545786857605,2.673549175262451
4,UNet,1002451,1,0.6951018571853638,28.247364044189453,0.1778320074081421,0.6388808488845825,0.10072161510058304,13.208630804120393,11.360015869140625,0.3597586750984192,2.7677314281463623
4,UNet,1002451,2,0.6666547060012817,28.0047607421875,0.1834423542022705,0.645017147064209,0.09826613565470059,13.048558897888888,11.988992691040039,0.36793431639671326,2.7965354919433594
4,UNet,1002451,3,0.6233267188072205,27.570039749145508,0.19266659021377563,0.6534807085990906,0.09525064972270117,12.860306520988372,12.826223373413086,0.3772408962249756,2.861513614654541
4,UNet,1002515,0,0.7063149809837341,22.929534912109375,0.5736121535301208,0.7224493622779846,0.10794627380996359,5.676135778980049,11.272703170776367,0.36396875977516174,2.3074703216552734
4,UNet,1002515,1,0.7067901492118835,23.16490936279297,0.5500791072845459,0.7288519740104675,0.10629078485988042,5.409211658249835,11.547831535339355,0.3677610754966736,2.3357720375061035
4,UNet,1002515,2,0.6930108070373535,23.29082679748535,0.534641444683075,0.7292953133583069,0.10343013722364645,5.464087759128512,12.362960815429688,0.3730972409248352,2.374502182006836
4,UNet,1002515,3,0.6692049503326416,23.254955291748047,0.534570574760437,0.7347463369369507,0.09810928709042681,5.329157683033001,13.526435852050781,0.37795597314834595,2.413381576538086
4,UNet,1002526,0,0.8599843382835388,28.39586639404297,0.1809816062450409,0.5677188038825989,0.12433647555411377,16.181000459351736,8.132967948913574,0.287071168422699,1.6476025581359863
4,UNet,1002526,1,0.8586286306381226,28.610641479492188,0.17547301948070526,0.571665346622467,0.12417981255193031,16.096180406375765,8.096879959106445,0.2925739586353302,1.6653648614883423
4,UNet,1002526,2,0.8518787622451782,28.84507179260254,0.16956892609596252,0.5708025693893433,0.12271114108126198,16.313024226045783,8.128935813903809,0.29503333568573,1.6935155391693115
4,UNet,1002526,3,0.8396497964859009,28.752527236938477,0.17156827449798584,0.5730354189872742,0.12045986424488142,16.158375325511763,8.338665008544922,0.29836949706077576,1.73688542842865
4,UNet,1002538,0,0.768699586391449,30.10978889465332,0.2013648897409439,0.6236724853515625,0.1168385243921251,12.612214410713705,11.125900268554688,0.34310823678970337,2.226489305496216
4,UNet,1002538,1,0.7590344548225403,30.155475616455078,0.19735445082187653,0.6344180703163147,0.11442203656629013,12.291222843146482,11.4327392578125,0.3523690402507782,2.2825636863708496
4,UNet,1002538,2,0.731471836566925,29.87164306640625,0.20336869359016418,0.6418866515159607,0.11011324754505424,12.147699154485746,11.781108856201172,0.3570204973220825,2.3247931003570557
4,UNet,1002538,3,0.6925486922264099,29.338172912597656,0.21678365767002106,0.6620906591415405,0.10459218196766612,11.664928481668683,13.055798530578613,0.36864352226257324,2.402459144592285
6,UNet,1000017,0,0.5949722528457642,27.870548248291016,0.2255144566297531,0.6901047229766846,0.1152982387963763,13.32221455833098,11.809557914733887,0.36825820803642273,2.2613580226898193
6,UNet,1000017,1,0.5715106129646301,27.431840896606445,0.23195210099220276,0.6939864158630371,0.11084246103141251,13.090917598158198,12.111801147460938,0.37568414211273193,2.3437998294830322
6,UNet,1000017,2,0.5339846014976501,27.05144500732422,0.24275943636894226,0.7001495957374573,0.10304630005994377,12.875381796746916,12.98083209991455,0.3873959481716156,2.457364320755005
6,UNet,1000017,3,0.4871826171875,26.553245544433594,0.2606496512889862,0.7133738398551941,0.09590317345260144,12.282251554233504,14.141616821289062,0.40290650725364685,2.587001323699951
6,UNet,1000026,0,0.5726683735847473,27.108346939086914,0.1936393529176712,0.7272239327430725,0.1202395829516877,14.916665078451318,12.167790412902832,0.36461305618286133,2.1909282207489014
6,UNet,1000026,1,0.5531228184700012,26.764976501464844,0.19873635470867157,0.7313507795333862,0.1175517365336054,14.862727417523995,12.598527908325195,0.37520313262939453,2.2388055324554443
6,UNet,1000026,2,0.5230630040168762,26.54022216796875,0.20720545947551727,0.7387270331382751,0.11059705500614794,14.527342532150751,13.863531112670898,0.3779899477958679,2.25962233543396
6,UNet,1000026,3,0.466865599155426,25.681476593017578,0.22381483018398285,0.7505660057067871,0.10629434063715919,14.365755678236225,14.8904390335083,0.3958042860031128,2.404256582260132
6,UNet,1000041,0,0.7430535554885864,27.729022979736328,0.13304272294044495,0.6687817573547363,0.12442906604848172,15.185132289834225,7.24945592880249,0.32604309916496277,2.08247709274292
6,UNet,1000041,1,0.7298874855041504,27.26825714111328,0.14038744568824768,0.6705086827278137,0.12266408077659277,14.134589251243877,7.692424774169922,0.3302823305130005,2.1615748405456543
6,UNet,1000041,2,0.7213520407676697,27.225826263427734,0.14090481400489807,0.6708013415336609,0.12227746490596617,14.127551969300269,7.731194972991943,0.3327640891075134,2.1740734577178955
6,UNet,1000041,3,0.7084240913391113,27.11412239074707,0.14216184616088867,0.6714047193527222,0.12141342728588725,14.129043774487114,7.791929721832275,0.3360297381877899,2.238959312438965
6,UNet,1000071,0,0.7403036952018738,22.835796356201172,0.2947986423969269,0.816031277179718,0.11517347030615843,10.490350334375414,10.536015510559082,0.35649365186691284,2.43632173538208
6,UNet,1000071,1,0.7358741760253906,22.90724754333496,0.2913576066493988,0.8192726969718933,0.11501191492952036,10.363019875248403,10.597524642944336,0.35868486762046814,2.4727163314819336
6,UNet,1000071,2,0.725601315498352,23.035669326782227,0.28524401783943176,0.818515419960022,0.11359965869888675,10.46291157444568,10.813142776489258,0.35920828580856323,2.48232102394104
6,UNet,1000071,3,0.7105723023414612,22.711528778076172,0.2997671067714691,0.8247717022895813,0.11297296732095227,10.085433518271321,11.146346092224121,0.36391496658325195,2.5113956928253174
6,UNet,1000107,0,0.7635771632194519,28.038944244384766,0.1169314980506897,0.6238937973976135,0.12873696098319817,17.515030816345107,7.334252834320068,0.32099854946136475,1.9163957834243774
6,UNet,1000107,1,0.7475118041038513,28.105358123779297,0.11509807407855988,0.6248627305030823,0.1281251762544833,17.526915767133175,7.375351905822754,0.3261220157146454,1.9324958324432373
6,UNet,1000107,2,0.7329549193382263,27.912368774414062,0.11860505491495132,0.6258631944656372,0.12598535006576453,17.379172003084527,7.414149284362793,0.32911616563796997,1.9724655151367188
6,UNet,1000107,3,0.7038405537605286,27.94098663330078,0.11643686145544052,0.6273368000984192,0.12434948845760539,17.530215230719644,7.6416754722595215,0.3358650803565979,2.120434284210205
6,UNet,1000153,0,0.6805841326713562,26.499492645263672,0.16281384229660034,0.7109594941139221,0.12398833970778066,13.189200099790273,8.704594612121582,0.30929404497146606,2.2537050247192383
6,UNet,1000153,1,0.6618297696113586,26.437185287475586,0.16288623213768005,0.7121498584747314,0.12209530713966375,13.142689866394715,8.693239212036133,0.31372255086898804,2.2539496421813965
6,UNet,1000153,2,0.6434795260429382,26.349803924560547,0.16391411423683167,0.7130751013755798,0.12113939660455499,13.131732539761526,8.736490249633789,0.31816041469573975,2.333510398864746
6,UNet,1000153,3,0.6199117302894592,26.267698287963867,0.1664673388004303,0.7133950591087341,0.11832804248266908,13.086771467669108,8.851910591125488,0.3235979676246643,2.4077320098876953
6,UNet,1000178,0,0.6445367336273193,26.195247650146484,0.252505898475647,0.6834816336631775,0.12361901002365457,11.79462762668362,12.797761917114258,0.3529433012008667,2.015284538269043
6,UNet,1000178,1,0.6586499810218811,21.5651912689209,0.566177248954773,0.8048276901245117,0.11966190527134142,5.344904984302223,13.051141738891602,0.3534780740737915,2.0360608100891113
6,UNet,1000178,2,0.634945273399353,21.553028106689453,0.5648025870323181,0.8090665936470032,0.11679773708803941,5.240373303963256,13.897598266601562,0.3618496358394623,2.0885097980499268
6,UNet,1000178,3,0.5997411012649536,21.904766082763672,0.5235260725021362,0.8004076480865479,0.10906941769022611,5.621574644557694,14.894599914550781,0.3727845549583435,2.1331024169921875
6,UNet,1000196,0,0.6616299152374268,26.063508987426758,0.18617884814739227,0.733155369758606,0.10483682311902351,12.286851941035799,13.366786003112793,0.39236968755722046,2.7071361541748047
6,UNet,1000196,1,0.669795036315918,24.496566772460938,0.24483521282672882,0.7505398988723755,0.10317949348610965,10.563016913306482,13.721484184265137,0.39304301142692566,2.647954225540161
6,UNet,1000196,2,0.6368520855903625,24.50759506225586,0.24250206351280212,0.7538452744483948,0.09859456176727352,10.5315736920419,14.487289428710938,0.40380969643592834,2.714749813079834
6,UNet,1000196,3,0.5936762690544128,24.052291870117188,0.2586555480957031,0.7653774619102478,0.09442501652077645,10.0646572642677,15.656988143920898,0.41650986671447754,2.7789487838745117
6,UNet,1000206,0,0.6752529740333557,27.22276496887207,0.19828751683235168,0.7688332796096802,0.11454629928625337,13.443546544383388,12.01098918914795,0.38561007380485535,2.26096773147583
6,UNet,1000206,1,0.6609383225440979,27.15544891357422,0.1987018585205078,0.7714948058128357,0.11280230577692991,13.350682673082034,12.365377426147461,0.3915170133113861,2.2758283615112305
6,UNet,1000206,2,0.6383673548698425,26.868741989135742,0.20817160606384277,0.7761327028274536,0.10878818926185439,13.03147284500504,13.226873397827148,0.3953614830970764,2.349266767501831
6,UNet,1000206,3,0.5976275205612183,26.557504653930664,0.21395929157733917,0.7808800935745239,0.10504654703814999,12.949288023925732,14.541338920593262,0.40575629472732544,2.4597010612487793
6,UNet,1000264,0,0.7729912400245667,24.638050079345703,0.22140344977378845,0.7345115542411804,0.1235004910295398,13.123553461587534,8.09886360168457,0.3019281327724457,1.7780938148498535
6,UNet,1000264,1,0.7603897452354431,25.03472328186035,0.20887647569179535,0.7324622869491577,0.1226523542569842,13.251168339727235,8.213312149047852,0.305988609790802,1.7930138111114502
6,UNet,1000264,2,0.7468010783195496,25.009441375732422,0.2093838006258011,0.7342804670333862,0.1207462949817186,13.188135532816588,8.423094749450684,0.31105947494506836,1.8628771305084229
6,UNet,1000264,3,0.7262144088745117,25.23822784423828,0.20211683213710785,0.7357885241508484,0.11798282286161997,13.369930284777979,8.815373420715332,0.32282131910324097,1.9232401847839355
6,UNet,1000292,0,0.6238014101982117,26.729961395263672,0.2723550796508789,0.6263913512229919,0.11611566421104635,12.147380471992212,10.687355041503906,0.32150715589523315,1.9517806768417358
6,UNet,1000292,1,0.6120901107788086,26.59568977355957,0.27719008922576904,0.6313628554344177,0.11195966870143549,11.660092971156734,10.898383140563965,0.32538342475891113,1.9935734272003174
6,UNet,1000292,2,0.5786153078079224,26.375457763671875,0.28285154700279236,0.6378419399261475,0.1065101457654742,11.517375721831929,11.284807205200195,0.333992600440979,2.0317885875701904
6,UNet,1000292,3,0.53514164686203,25.889949798583984,0.3003087043762207,0.6494103670120239,0.09945413667325383,10.903252420553908,12.262481689453125,0.34785038232803345,2.1540982723236084
6,UNet,1000314,0,0.7835915684700012,26.050148010253906,0.17091980576515198,0.6479580998420715,0.12122553078421754,15.135336745480327,8.908854484558105,0.3379468023777008,1.9585188627243042
6,UNet,1000314,1,0.7764007449150085,25.169757843017578,0.19322597980499268,0.6704443097114563,0.12035535671717844,14.119173175521723,8.880583763122559,0.34168463945388794,2.0120885372161865
6,UNet,1000314,2,0.768250584602356,24.874189376831055,0.20156046748161316,0.6730650663375854,0.1191199105469201,13.827714915990132,8.942301750183105,0.3445003628730774,2.0348496437072754
6,UNet,1000314,3,0.752311646938324,25.21269989013672,0.19163493812084198,0.6722648739814758,0.11777748954680002,14.08572423330648,9.141687393188477,0.3493594527244568,2.0985665321350098
6,UNet,1000323,0,0.7915956974029541,26.88665771484375,0.16185617446899414,0.8066815137863159,0.10167065310415407,14.335726582833079,11.877674102783203,0.38882210850715637,2.6121044158935547
6,UNet,1000323,1,0.7918334603309631,26.973087310791016,0.15972816944122314,0.8126366138458252,0.10085224253117768,14.269978430410236,11.949292182922363,0.3949568271636963,2.641989231109619
6,UNet,1000323,2,0.784371018409729,27.027185440063477,0.15811990201473236,0.8121030926704407,0.09968259410227556,14.294889832462408,11.956792831420898,0.3989851176738739,2.6887612342834473
6,UNet,1000323,3,0.7738853693008423,26.944488525390625,0.15998463332653046,0.8152406811714172,0.0982313016675077,14.217679188779801,12.35856819152832,0.4024736285209656,2.714306592941284
6,UNet,1000344,0,0.7498131990432739,27.38348960876465,0.3705773651599884,0.7228982448577881,0.11590021025582543,8.937207118515067,11.667860984802246,0.3489571511745453,1.9886889457702637
6,UNet,1000344,1,0.7410222291946411,27.52436065673828,0.3595375120639801,0.7364583611488342,0.11251801660125303,8.697858332680505,11.96475887298584,0.358251690864563,2.032351493835449
6,UNet,1000344,2,0.7179100513458252,27.489566802978516,0.3587428629398346,0.7424834966659546,0.10885417060891582,8.59950310509579,12.921719551086426,0.36399826407432556,2.079418659210205
6,UNet,1000344,3,0.6849768161773682,27.357128143310547,0.3625411093235016,0.7513605952262878,0.10245864692878957,8.320449658136855,14.312894821166992,0.37350010871887207,2.1489012241363525
6,UNet,1000432,0,0.6815285086631775,26.11778450012207,0.160238116979599,0.6797801852226257,0.12438315863724178,13.421277628939045,7.224661350250244,0.3356935679912567,2.1250579357147217
6,UNet,1000432,1,0.6647841334342957,26.035091400146484,0.1625797301530838,0.6829735636711121,0.1231110092242965,13.183885459070936,7.343878746032715,0.3398591876029968,2.1400554180145264
6,UNet,1000432,2,0.6390355825424194,26.001901626586914,0.15942995250225067,0.6833814382553101,0.12100128903949069,13.342906237279102,7.445782661437988,0.3481365442276001,2.245063543319702
6,UNet,1000432,3,0.6201764345169067,25.82895278930664,0.16639989614486694,0.686133086681366,0.11925151775977301,13.110018428907795,7.6948442459106445,0.35197359323501587,2.286827802658081
6,UNet,1000464,0,0.7382678985595703,25.948583602905273,0.14932678639888763,0.7940469980239868,0.11146792118689111,13.828480937766033,14.50562572479248,0.4036151170730591,3.0995852947235107
6,UNet,1000464,1,0.7557281851768494,26.10731315612793,0.15784956514835358,0.8114746809005737,0.11123451455356037,13.555384743009938,14.524702072143555,0.40179455280303955,3.0187761783599854
6,UNet,1000464,2,0.7535834908485413,26.114437103271484,0.15741896629333496,0.8112044930458069,0.11100017259087896,13.569067074662245,14.592434883117676,0.4024505317211151,3.029834270477295
6,UNet,1000464,3,0.7498800158500671,26.06532859802246,0.15893414616584778,0.8122085928916931,0.11062700108708853,13.541530419052624,14.582855224609375,0.4044404923915863,3.063274383544922
6,UNet,1000538,0,0.7013939619064331,26.30054473876953,0.2604146897792816,0.6692924499511719,0.11665310670426289,11.833588720616778,10.884593963623047,0.31715673208236694,2.0533652305603027
6,UNet,1000538,1,0.684120237827301,26.344501495361328,0.2577519714832306,0.6742212176322937,0.1145148369532478,11.672342413735926,11.023130416870117,0.32429274916648865,2.081094741821289
6,UNet,1000538,2,0.6556453108787537,26.159473419189453,0.26354530453681946,0.6800994277000427,0.1094865609432367,11.462616961001755,11.820196151733398,0.33542993664741516,2.1478679180145264
6,UNet,1000538,3,0.6078945398330688,26.363765716552734,0.25115957856178284,0.6847101449966431,0.10564552296722025,11.720222403949126,12.749911308288574,0.348464697599411,2.271827459335327
6,UNet,1000591,0,0.7632614374160767,31.332368850708008,0.16997811198234558,0.6282739043235779,0.1338275799771073,15.168169095775859,10.286897659301758,0.3358303904533386,1.7990829944610596
6,UNet,1000591,1,0.7452330589294434,30.89906883239746,0.17643994092941284,0.6312448382377625,0.12976915523189184,14.33369921441381,10.556807518005371,0.34278011322021484,1.9111584424972534
6,UNet,1000591,2,0.7217903137207031,30.649486541748047,0.18051490187644958,0.6344437003135681,0.1254834739535261,14.300146066865995,10.93132495880127,0.350772500038147,1.9904186725616455
6,UNet,1000591,3,0.6896810531616211,30.375934600830078,0.18667055666446686,0.6392521262168884,0.12154101563878016,14.204533924971399,11.225309371948242,0.36454838514328003,2.0840988159179688
6,UNet,1000697,0,0.8172962069511414,26.35565185546875,0.18896974623203278,0.7311137318611145,0.12968537472027195,14.951064009056171,7.702940940856934,0.30879735946655273,1.6527281999588013
6,UNet,1000697,1,0.8021490573883057,26.067659378051758,0.19388672709465027,0.7315257787704468,0.1293530281772725,14.9205898044253,7.7198381423950195,0.3108829855918884,1.7049620151519775
6,UNet,1000697,2,0.793920636177063,25.88515281677246,0.19708314538002014,0.7317834496498108,0.12899167650838586,14.853525001691706,7.745818138122559,0.31258425116539,1.7468129396438599
6,UNet,1000697,3,0.7849607467651367,26.066425323486328,0.1940249800682068,0.7324991822242737,0.12726026809019025,14.95853973250815,7.720961570739746,0.3185952305793762,1.797842025756836
6,UNet,1000735,0,0.7533118724822998,28.026716232299805,0.1354331374168396,0.6915192604064941,0.12478545854616746,16.077859250947878,9.490962982177734,0.3291836380958557,2.154085397720337
6,UNet,1000735,1,0.7462090849876404,27.92221450805664,0.13636639714241028,0.691429853439331,0.12508927932991412,16.068950888100957,9.488481521606445,0.33023181557655334,2.1299657821655273
6,UNet,1000735,2,0.7462090253829956,27.922212600708008,0.13636642694473267,0.691429853439331,0.1250892780860864,16.06895083691282,9.488481521606445,0.33023184537887573,2.1299657821655273
6,UNet,1000735,3,0.7462089657783508,27.922212600708008,0.13636641204357147,0.691429853439331,0.12508927870192926,16.068950824952772,9.488481521606445,0.33023184537887573,2.1299662590026855
6,UNet,1000759,0,0.7215239405632019,25.77223777770996,0.1516055166721344,0.7107354998588562,0.12679785504866872,12.278594116897143,7.6218438148498535,0.32448241114616394,2.285876750946045
6,UNet,1000759,1,0.6991186738014221,25.82567024230957,0.1501430720090866,0.7111814618110657,0.1255579243380166,12.20072547987642,7.687048435211182,0.3264223635196686,2.344985008239746
6,UNet,1000759,2,0.6885334849357605,25.78449249267578,0.15152864158153534,0.711389422416687,0.1253291950028844,12.17597996946652,7.698821067810059,0.33149465918540955,2.382458448410034
6,UNet,1000759,3,0.6734070777893066,25.707082748413086,0.15396137535572052,0.7116265296936035,0.12309449747639391,12.136280453464481,7.732663631439209,0.3343829810619354,2.455904960632324
6,UNet,1000769,0,0.7409743070602417,23.88819694519043,0.2034389227628708,0.7105252742767334,0.12561561735213542,11.47320499880885,7.903478145599365,0.31799378991127014,2.2180116176605225
6,UNet,1000769,1,0.7261216640472412,24.088603973388672,0.1971650868654251,0.7108277082443237,0.12446391088380877,11.404733290821849,7.954630374908447,0.3200531601905823,2.267618417739868
6,UNet,1000769,2,0.7151600122451782,24.04080581665039,0.19848978519439697,0.7113310694694519,0.1240266428036685,11.364210201248017,7.973855495452881,0.3233717083930969,2.2983219623565674
6,UNet,1000769,3,0.698890209197998,24.084877014160156,0.19689232110977173,0.7118682861328125,0.12337487944204845,11.3684790107259,8.058321952819824,0.3278811573982239,2.37428879737854
6,UNet,1000891,0,0.6709370017051697,17.704803466796875,0.5022873282432556,0.7306260466575623,0.11229923786058754,6.387605140167691,8.453978538513184,0.3246784210205078,2.7382538318634033
6,UNet,1000891,1,0.6531705260276794,17.869836807250977,0.48705634474754333,0.7307229042053223,0.11072663342615277,6.316440582804226,8.485615730285645,0.3305576741695404,2.7686996459960938
6,UNet,1000891,2,0.6381567120552063,17.690580368041992,0.5024769902229309,0.7345039248466492,0.10974277451027555,6.055139259338899,8.688364028930664,0.33559560775756836,2.7957539558410645
6,UNet,1000891,3,0.6115216612815857,17.786712646484375,0.492933064699173,0.736235499382019,0.10679661420509923,6.116552264819635,8.819646835327148,0.3447325825691223,2.839547634124756
6,UNet,1000899,0,0.6814311146736145,19.96695327758789,0.6303806900978088,0.8981941938400269,0.10788332617177601,4.271991482260129,14.317028999328613,0.4107040762901306,2.5514321327209473
6,UNet,1000899,1,0.681294858455658,20.211509704589844,0.6003971695899963,0.8988872170448303,0.1058915527867415,4.333193638544255,14.361323356628418,0.4162663519382477,2.606677293777466
6,UNet,1000899,2,0.6675864458084106,20.222301483154297,0.5982010364532471,0.9014368653297424,0.10334823072682023,4.256150748562109,14.92817497253418,0.4211086630821228,2.654958963394165
6,UNet,1000899,3,0.6443955898284912,20.203611373901367,0.5983655452728271,0.9037837386131287,0.09839137837850388,4.1757993530918105,15.7306547164917,0.4288361072540283,2.6621389389038086
6,UNet,1001064,0,0.7352915406227112,21.256792068481445,0.30643007159233093,0.6908121109008789,0.126874445568117,10.10462888403425,8.289342880249023,0.3106251060962677,2.186549425125122
6,UNet,1001064,1,0.7320380806922913,21.347156524658203,0.30130013823509216,0.6940514445304871,0.12572878903864632,9.856956033549803,8.32268238067627,0.31791386008262634,2.2264912128448486
6,UNet,1001064,2,0.7251521944999695,21.227157592773438,0.30707916617393494,0.6951012015342712,0.1244271469191152,9.730948944691814,8.345222473144531,0.3200526535511017,2.2427761554718018
6,UNet,1001064,3,0.7116800546646118,21.642972946166992,0.286914587020874,0.6931986212730408,0.12280815515344055,10.076053362727276,8.397233963012695,0.32573628425598145,2.2872400283813477
6,UNet,1001090,0,0.652976393699646,25.11492156982422,0.25949305295944214,0.7537632584571838,0.12435294390142981,12.196979227963782,13.101534843444824,0.3470412492752075,2.590808868408203
6,UNet,1001090,1,0.6335827708244324,25.001178741455078,0.26187053322792053,0.7545018196105957,0.12227457352889212,12.212827885066478,13.216985702514648,0.350002259016037,2.6114501953125
6,UNet,1001090,2,0.5994774103164673,24.615238189697266,0.27031993865966797,0.7570675015449524,0.11895093254197865,12.10987239474488,13.440420150756836,0.3622032105922699,2.686081647872925
6,UNet,1001090,3,0.5609222650527954,24.518798828125,0.27354273200035095,0.7590051293373108,0.11645124173141062,12.156811795196738,14.206857681274414,0.3759095370769501,2.786839485168457
6,UNet,1001096,0,0.6939267516136169,23.894798278808594,0.2003740817308426,0.7522199749946594,0.11998125673557253,13.119406164534862,8.011344909667969,0.33530735969543457,2.3197293281555176
6,UNet,1001096,1,0.679510235786438,24.11484718322754,0.19420967996120453,0.753699541091919,0.1196659204106677,13.165314641006965,8.038354873657227,0.3400103449821472,2.3712737560272217
6,UNet,1001096,2,0.6662271022796631,23.947895050048828,0.198937326669693,0.7550326585769653,0.11803837376585144,13.006530411051706,8.21186637878418,0.34347379207611084,2.416602611541748
6,UNet,1001096,3,0.6472318172454834,23.542495727539062,0.21132689714431763,0.758620023727417,0.11728601294311436,12.634805175089816,8.390976905822754,0.3501105308532715,2.5005228519439697
6,UNet,1001104,0,0.6268758177757263,23.326608657836914,0.181068554520607,0.6780228018760681,0.12250766521808576,13.652907249429141,6.401522636413574,0.3180239796638489,2.187673568725586
6,UNet,1001104,1,0.6016696095466614,22.962568283081055,0.1872740387916565,0.6804440021514893,0.12132673515505299,13.575251071129319,6.494943141937256,0.3268793821334839,2.244689702987671
6,UNet,1001104,2,0.5821595191955566,23.315887451171875,0.18182440102100372,0.6805992126464844,0.11918215667903698,13.722818919845697,6.569876194000244,0.33463945984840393,2.2938232421875
6,UNet,1001104,3,0.554385244846344,23.51649284362793,0.17914031445980072,0.681666374206543,0.11720075090102744,13.837969913477508,6.748589515686035,0.3459354639053345,2.4123311042785645
6,UNet,1001119,0,0.6833987236022949,23.643522262573242,0.3267545998096466,0.84340900182724,0.09872891156855738,9.445499849504877,13.369401931762695,0.36163267493247986,2.261638641357422
6,UNet,1001119,1,0.6738335490226746,23.657981872558594,0.3245449662208557,0.8489512205123901,0.0962431390999905,9.29732209597578,13.355545043945312,0.3661658763885498,2.312926769256592
6,UNet,1001119,2,0.6409288048744202,23.886194229125977,0.31039202213287354,0.8464561700820923,0.09325483058883367,9.534522805302784,13.930625915527344,0.37844258546829224,2.4126110076904297
6,UNet,1001119,3,0.5936755537986755,23.935787200927734,0.3042598068714142,0.847798764705658,0.08818913289279684,9.54909277359451,14.652603149414062,0.39252331852912903,2.478649139404297
6,UNet,1001140,0,0.6629994511604309,27.776309967041016,0.24108688533306122,0.7202657461166382,0.12581756770706695,13.767251578023856,10.61404037475586,0.37483394145965576,2.3115742206573486
6,UNet,1001140,1,0.644627034664154,27.281829833984375,0.25225508213043213,0.7248168587684631,0.12262474349995922,13.38360608094209,10.851640701293945,0.38093364238739014,2.391489028930664
6,UNet,1001140,2,0.6183584928512573,27.23259925842285,0.2547247111797333,0.7280040979385376,0.11928466954903012,13.467826878319439,11.855749130249023,0.39316239953041077,2.4451303482055664
6,UNet,1001140,3,0.5715028047561646,26.637348175048828,0.268813818693161,0.7364692687988281,0.11322345934615312,13.343645408553058,13.213200569152832,0.4040979743003845,2.5835137367248535
6,UNet,1001144,0,0.6430593729019165,28.295654296875,0.15827246010303497,0.6783061027526855,0.12388765839051818,15.629979576403807,10.718354225158691,0.3557496666908264,2.1803581714630127
6,UNet,1001144,1,0.6230819821357727,27.705711364746094,0.16682836413383484,0.6812747120857239,0.12228711553317893,15.340776255770512,11.078387260437012,0.362868070602417,2.272541046142578
6,UNet,1001144,2,0.5966622233390808,27.672807693481445,0.16892176866531372,0.6861141324043274,0.11726725663910649,15.271685341926451,11.845769882202148,0.37164008617401123,2.350104570388794
6,UNet,1001144,3,0.5579873919487,27.2877140045166,0.17628566920757294,0.6921942234039307,0.11264217733112504,15.218172444338114,12.605803489685059,0.3885660171508789,2.420712471008301
6,UNet,1001159,0,0.5597596764564514,19.458335876464844,0.6670632362365723,0.818425714969635,0.10506052244400885,4.6599520619739785,14.872822761535645,0.34954994916915894,2.1689319610595703
6,UNet,1001159,1,0.5563501119613647,19.713823318481445,0.6345834136009216,0.8167712092399597,0.10254914750032486,4.879572735304421,14.761800765991211,0.35078418254852295,2.1847641468048096
6,UNet,1001159,2,0.5229889750480652,19.72053337097168,0.6271803975105286,0.8223715424537659,0.09612472703281393,4.840674532207354,15.287702560424805,0.35682594776153564,2.2531516551971436
6,UNet,1001159,3,0.4744190573692322,19.81060791015625,0.6048815846443176,0.8319982290267944,0.08983976233831702,4.96870107722296,16.480134963989258,0.3694024085998535,2.35443377494812
6,UNet,1001168,0,0.6775086522102356,27.457401275634766,0.1314748376607895,0.6558713316917419,0.1174576882191915,14.8902741858501,6.909775733947754,0.3051803410053253,2.127298355102539
6,UNet,1001168,1,0.6493421792984009,27.306577682495117,0.13370002806186676,0.6574187874794006,0.11618413438252169,14.724863520877731,6.977269172668457,0.3107427954673767,2.169443368911743
6,UNet,1001168,2,0.6230194568634033,27.13444709777832,0.13494127988815308,0.659518301486969,0.11395142133818266,14.74418662395566,7.024308204650879,0.3226208984851837,2.288581371307373
6,UNet,1001168,3,0.5886627435684204,26.879255294799805,0.13879241049289703,0.6632619500160217,0.11222912734391442,14.695344812344898,7.246466159820557,0.32898586988449097,2.420961856842041
6,UNet,1001170,0,0.7592229843139648,28.276918411254883,0.13889332115650177,0.6739990711212158,0.1264254841510673,14.622013308562591,8.549551010131836,0.30549901723861694,2.059762716293335
6,UNet,1001170,1,0.741129457950592,28.243066787719727,0.13906575739383698,0.6749399900436401,0.12562903919114618,14.563075311873083,8.614758491516113,0.30810675024986267,2.1727659702301025
6,UNet,1001170,2,0.7293171882629395,28.142784118652344,0.1397680640220642,0.675630509853363,0.12524035532121555,14.544260989287714,8.581483840942383,0.3115224540233612,2.1801130771636963
6,UNet,1001170,3,0.716568648815155,28.171358108520508,0.14031727612018585,0.6756320595741272,0.12473347054516162,14.53820991071229,8.62326717376709,0.3158034682273865,2.209311008453369
6,UNet,1001184,0,0.7874038815498352,29.886857986450195,0.13461028039455414,0.7108981013298035,0.13050351653983702,15.696531082732125,8.991483688354492,0.35578370094299316,2.410290002822876
6,UNet,1001184,1,0.7745459675788879,29.64352035522461,0.13708309829235077,0.7127006649971008,0.12987434577111093,15.46290519545529,9.08452320098877,0.3566308915615082,2.6205971240997314
6,UNet,1001184,2,0.7705351710319519,29.71135711669922,0.13669027388095856,0.7129005193710327,0.12962400300904406,15.465265136732162,9.078818321228027,0.3576374650001526,2.631951332092285
6,UNet,1001184,3,0.7615931630134583,29.654373168945312,0.137451171875,0.7138111591339111,0.12876976221304826,15.453822318039093,9.222469329833984,0.3606509268283844,2.665074110031128
6,UNet,1001275,0,0.5630596280097961,26.08333396911621,0.26332858204841614,0.7222253084182739,0.1122037401719436,11.450060957754818,13.393437385559082,0.37694793939590454,2.1462173461914062
6,UNet,1001275,1,0.5459722876548767,25.999027252197266,0.2635353207588196,0.727570116519928,0.10994607002097903,11.26819118349567,13.67615795135498,0.38086795806884766,2.173530340194702
6,UNet,1001275,2,0.512327253818512,25.62613296508789,0.27555522322654724,0.7342873215675354,0.10427461075334651,10.970108029642716,14.49677562713623,0.38771694898605347,2.1957263946533203
6,UNet,1001275,3,0.46173006296157837,25.159915924072266,0.2863524258136749,0.744579553604126,0.09777584690236202,10.857725730061112,15.396318435668945,0.40377023816108704,2.3294055461883545
6,UNet,1001381,0,0.795421302318573,29.801694869995117,0.13364237546920776,0.738071084022522,0.1134540325376141,15.59937595472337,12.116205215454102,0.3466781973838806,2.1052329540252686
6,UNet,1001381,1,0.7944929003715515,29.695606231689453,0.1341354101896286,0.7389155626296997,0.11297172551115506,15.578218215628867,12.133016586303711,0.3471091091632843,2.1234893798828125
6,UNet,1001381,2,0.7913618087768555,29.73727798461914,0.1340196430683136,0.7393175959587097,0.11259407642176647,15.586938837104585,12.216920852661133,0.3485696017742157,2.1518542766571045
6,UNet,1001381,3,0.7840573191642761,29.678354263305664,0.13465841114521027,0.7395703196525574,0.1115198005684802,15.585481195136326,12.159454345703125,0.3512006402015686,2.228515625
6,UNet,1001651,0,0.6927170753479004,28.531478881835938,0.16453255712985992,0.6307072043418884,0.12268547458702725,16.538141988980517,11.39757251739502,0.34669557213783264,1.8797509670257568
6,UNet,1001651,1,0.6708729267120361,28.16573143005371,0.17014136910438538,0.6351063251495361,0.12065409791091611,16.302356264532982,11.593792915344238,0.35447821021080017,1.936907172203064
6,UNet,1001651,2,0.6492526531219482,28.219202041625977,0.1710348129272461,0.6384167671203613,0.11657293500798764,16.317483628664885,12.034821510314941,0.3591126799583435,1.9514098167419434
6,UNet,1001651,3,0.6174843311309814,28.118179321289062,0.17503264546394348,0.6438753008842468,0.1127028771561854,16.240532120005888,13.007535934448242,0.37200456857681274,2.069687843322754
6,UNet,1001655,0,0.6927633881568909,19.158475875854492,0.5969886183738708,0.8377572298049927,0.11438663446333013,5.863571675519408,11.417106628417969,0.3464576005935669,2.4908251762390137
6,UNet,1001655,1,0.68683922290802,19.283113479614258,0.5818585157394409,0.8397765755653381,0.1121917754570495,5.814626158905238,11.551763534545898,0.35031425952911377,2.5638480186462402
6,UNet,1001655,2,0.6726934909820557,19.426223754882812,0.5653613209724426,0.8367577791213989,0.11009203465308057,5.953031070151889,11.873823165893555,0.3559003472328186,2.6172056198120117
6,UNet,1001655,3,0.6503434181213379,19.30010223388672,0.5778127312660217,0.8421075344085693,0.10531173520981717,5.674816713731985,12.538861274719238,0.36500439047813416,2.6689951419830322
6,UNet,1001687,0,0.7264952063560486,26.490076065063477,0.14842337369918823,0.6790066361427307,0.12341572477230686,15.796469630108035,8.85533618927002,0.34558427333831787,2.01693058013916
6,UNet,1001687,1,0.719432532787323,26.544466018676758,0.14702163636684418,0.6806949973106384,0.12211281918376295,15.707271245781193,8.859899520874023,0.34893369674682617,2.0353951454162598
6,UNet,1001687,2,0.7067240476608276,26.587554931640625,0.14560559391975403,0.6816149353981018,0.12135792837380456,15.741562685754833,8.854940414428711,0.3531786799430847,2.073230266571045
6,UNet,1001687,3,0.6877959370613098,26.546754837036133,0.145877867937088,0.6831114292144775,0.11881503110856886,15.70975448223242,9.062042236328125,0.35707029700279236,2.137916326522827
6,UNet,1001759,0,0.6996575593948364,25.823970794677734,0.14745593070983887,0.7452873587608337,0.11680553454190727,12.851187434668688,9.347087860107422,0.3302251398563385,2.220890522003174
6,UNet,1001759,1,0.6879060864448547,25.704919815063477,0.14896634221076965,0.7467676997184753,0.11544251915262317,12.781494262014183,9.399418830871582,0.3293873071670532,2.2184371948242188
6,UNet,1001759,2,0.6766883730888367,25.61972427368164,0.15007999539375305,0.7470174431800842,0.11538087158334752,12.77086898230424,9.451131820678711,0.3342144787311554,2.222784996032715
6,UNet,1001759,3,0.6617465615272522,25.7073974609375,0.1493542343378067,0.7472529411315918,0.11413580582067137,12.789666844876319,9.417017936706543,0.3387020528316498,2.2833399772644043
6,UNet,1001763,0,0.6938108205795288,24.7703857421875,0.1922747641801834,0.7899373769760132,0.10554711209368964,13.633760906080123,13.556172370910645,0.3820367753505707,2.6814231872558594
6,UNet,1001763,1,0.6993740797042847,24.60680389404297,0.19483508169651031,0.7904882431030273,0.10529744384652842,13.610894985645466,13.562517166137695,0.38331151008605957,2.665530204772949
6,UNet,1001763,2,0.697698712348938,24.601524353027344,0.19495731592178345,0.7904857397079468,0.10514437750383493,13.616636783868753,13.557313919067383,0.38327106833457947,2.672750949859619
6,UNet,1001763,3,0.6952970623970032,24.60284423828125,0.1949974000453949,0.7910522818565369,0.10458641525234168,13.63175219882746,13.543904304504395,0.38569119572639465,2.69401216506958
6,UNet,1001798,0,0.6081210374832153,25.20784568786621,0.323843777179718,0.7017881274223328,0.1148895460018723,10.303946537548828,11.394890785217285,0.3198726773262024,2.1786274909973145
6,UNet,1001798,1,0.5933079123497009,25.035581588745117,0.3319054841995239,0.7078255414962769,0.11227015214724989,9.9310002321932,11.77413558959961,0.32532086968421936,2.2197673320770264
6,UNet,1001798,2,0.5546115040779114,25.082578659057617,0.3227337598800659,0.7109043002128601,0.10706732773576332,10.125923444830523,12.441092491149902,0.33071619272232056,2.2719533443450928
6,UNet,1001798,3,0.5162765979766846,24.42704963684082,0.3564905524253845,0.7287346720695496,0.09833536795112588,9.276557374722406,13.433374404907227,0.3483862280845642,2.3990976810455322
6,UNet,1001850,0,0.7437025904655457,30.68773078918457,0.18409909307956696,0.6297541260719299,0.12898227569085924,14.624472816930115,11.076950073242188,0.34068626165390015,2.449324607849121
6,UNet,1001850,1,0.7313973307609558,30.253986358642578,0.19149985909461975,0.6375409364700317,0.12399942707293189,13.830335425564764,11.137083053588867,0.3472869098186493,2.5307321548461914
6,UNet,1001850,2,0.7040281891822815,30.008623123168945,0.1979721188545227,0.6414426565170288,0.11839368739912882,13.686929363346007,11.529687881469727,0.3550359606742859,2.6013994216918945
6,UNet,1001850,3,0.6555052399635315,29.508493423461914,0.20576046407222748,0.6465741395950317,0.11094530075860576,13.658107802567002,12.228738784790039,0.37293022871017456,2.778850555419922
6,UNet,1001851,0,0.6497217416763306,26.43352508544922,0.23242565989494324,0.6742985844612122,0.1268919133881016,13.375183900868983,13.01594352722168,0.3395228385925293,2.0188114643096924
6,UNet,1001851,1,0.6363454461097717,26.283527374267578,0.23580320179462433,0.6761673092842102,0.12439423756447077,13.311369205699076,13.257484436035156,0.34863540530204773,2.0335755348205566
6,UNet,1001851,2,0.5981976985931396,25.836585998535156,0.2452722042798996,0.679863691329956,0.12049015921505703,13.211446008056383,13.913156509399414,0.3558143079280853,2.100750207901001
6,UNet,1001851,3,0.5536382794380188,25.654327392578125,0.2507786452770233,0.6838684678077698,0.11718861469458422,13.26770265174774,14.600069046020508,0.36864396929740906,2.222973108291626
6,UNet,1001938,0,0.6346613168716431,25.82870101928711,0.2179359346628189,0.8004029989242554,0.09309840557205926,11.815045764029438,12.910560607910156,0.3887546956539154,2.9692251682281494
6,UNet,1001938,1,0.6288862228393555,25.607269287109375,0.2216610461473465,0.802943766117096,0.09133401358053099,11.666694119546017,12.941067695617676,0.39800164103507996,2.99874210357666
6,UNet,1001938,2,0.6074211597442627,25.54804039001465,0.22440317273139954,0.8064550161361694,0.08925984730252857,11.600641447063676,13.739527702331543,0.40349963307380676,3.012547254562378
6,UNet,1001938,3,0.5850319266319275,25.656993865966797,0.22804924845695496,0.8141166567802429,0.08604740746586154,11.35678208964659,14.289657592773438,0.41152793169021606,3.0076217651367188
6,UNet,1001959,0,0.6494847536087036,24.26386833190918,0.2891267240047455,0.7417856454849243,0.11636506824870284,10.488875243393863,10.667181968688965,0.35030651092529297,2.1645777225494385
6,UNet,1001959,1,0.6355430483818054,24.48989486694336,0.27730393409729004,0.7420734763145447,0.11354750794659094,10.568362043986507,10.969209671020508,0.3537725508213043,2.219620704650879
6,UNet,1001959,2,0.6072189807891846,24.414901733398438,0.2784605622291565,0.7456117868423462,0.10842310963148123,10.50462964965067,11.772988319396973,0.3613262176513672,2.2954745292663574
6,UNet,1001959,3,0.5712286233901978,24.117040634155273,0.2895689606666565,0.7538055777549744,0.10135346878798736,10.121811669656307,12.849504470825195,0.3699980676174164,2.3929591178894043
6,UNet,1001995,0,0.682263195514679,25.847549438476562,0.1898675560951233,0.7040422558784485,0.11849422008038729,12.115371711700076,10.671320915222168,0.3537136912345886,2.4778194427490234
6,UNet,1001995,1,0.6673443913459778,25.93079376220703,0.18641744554042816,0.7045654058456421,0.11790634390701155,12.11862800026491,10.701498031616211,0.3597586750984192,2.485929489135742
6,UNet,1001995,2,0.6545131802558899,25.764989852905273,0.19240057468414307,0.705446720123291,0.11550627452828208,12.006425054275269,10.732449531555176,0.36335933208465576,2.4970664978027344
6,UNet,1001995,3,0.6329796314239502,25.68443489074707,0.19398729503154755,0.7068106532096863,0.11434550343392538,11.963418339912796,11.050382614135742,0.36969882249832153,2.5736324787139893
6,UNet,1001997,0,0.5904145836830139,23.333826065063477,0.35289016366004944,0.7696468234062195,0.10691088239656016,8.874221205345345,13.215505599975586,0.3596280813217163,2.3133065700531006
6,UNet,1001997,1,0.5756672620773315,23.4812068939209,0.34407487511634827,0.7715463638305664,0.10449395012488139,8.788064014613697,13.490148544311523,0.36585891246795654,2.3776302337646484
6,UNet,1001997,2,0.5435823798179626,23.006683349609375,0.36965474486351013,0.7839843034744263,0.09916620063618599,8.175689368827747,13.944555282592773,0.37142106890678406,2.4501702785491943
6,UNet,1001997,3,0.48398566246032715,23.269065856933594,0.3426247537136078,0.7863690853118896,0.09414753368687215,8.594698678633959,15.379112243652344,0.38514405488967896,2.549384355545044
6,UNet,1002007,0,0.6657924652099609,24.44453239440918,0.2718707323074341,0.7507561445236206,0.12090823435680201,11.443468532156018,10.856130599975586,0.3398623466491699,2.4424924850463867
6,UNet,1002007,1,0.6718686819076538,24.643220901489258,0.264483243227005,0.7519853711128235,0.1192402439078835,11.4160972717815,10.85439682006836,0.3412187695503235,2.475480556488037
6,UNet,1002007,2,0.6718688011169434,24.643220901489258,0.26448333263397217,0.7519853711128235,0.11924024258164267,11.416096575611384,10.854398727416992,0.3412187993526459,2.475480556488037
6,UNet,1002007,3,0.6718685030937195,24.64322280883789,0.26448315382003784,0.7519854307174683,0.11924024025469326,11.416096369475962,10.85439682006836,0.3412187695503235,2.475480794906616
6,UNet,1002035,0,0.7059658169746399,26.441192626953125,0.13113345205783844,0.6786946654319763,0.13373500803704663,16.25886798007575,7.408143520355225,0.3408864736557007,2.22843074798584
6,UNet,1002035,1,0.6888311505317688,26.262855529785156,0.1331435739994049,0.6802272796630859,0.13253772140644407,16.219812167983335,7.489055633544922,0.3426792025566101,2.258453607559204
6,UNet,1002035,2,0.6710138916969299,26.17884635925293,0.13437709212303162,0.681002140045166,0.13051152495143675,16.21381446910452,7.61635684967041,0.34508293867111206,2.3289787769317627
6,UNet,1002035,3,0.6440768241882324,26.0753173828125,0.1361681967973709,0.6835083961486816,0.12880861274450628,16.218580280143094,7.806560516357422,0.35835716128349304,2.459956407546997
6,UNet,1002274,0,0.7471643090248108,21.928014755249023,0.3193325400352478,0.7459790706634521,0.11761210843471258,10.242498222525212,12.706430435180664,0.35772305727005005,2.239798069000244
6,UNet,1002274,1,0.7451794743537903,22.111156463623047,0.3100643455982208,0.7485813498497009,0.11722912738595086,10.245317782970982,12.833369255065918,0.3616824746131897,2.2634315490722656
6,UNet,1002274,2,0.7368043661117554,22.031749725341797,0.31378039717674255,0.7504280805587769,0.11510536335016568,10.130379488379987,13.037286758422852,0.3627331256866455,2.2996091842651367
6,UNet,1002274,3,0.7232462167739868,22.217727661132812,0.3042927086353302,0.7503690719604492,0.11221514370135519,10.291222409810839,13.334280014038086,0.3662230372428894,2.3228085041046143
6,UNet,1002351,0,0.6911444664001465,25.69037437438965,0.13549567759037018,0.8067894577980042,0.11840910939318836,14.115102885379638,10.160523414611816,0.3738238215446472,2.7111997604370117
6,UNet,1002351,1,0.6862457990646362,25.485515594482422,0.1383698284626007,0.8087981939315796,0.11864439999590398,13.787804864768574,10.279281616210938,0.37896728515625,2.7183310985565186
6,UNet,1002351,2,0.6767834424972534,25.297853469848633,0.14032672345638275,0.8090893030166626,0.11794673746648583,13.776959352588738,10.296863555908203,0.3815182149410248,2.7424707412719727
6,UNet,1002351,3,0.6698809862136841,25.54596710205078,0.13849887251853943,0.8099902272224426,0.11604572366386047,13.778684961770825,10.493730545043945,0.391305148601532,2.768566131591797
6,UNet,1002380,0,0.5497238039970398,21.25140380859375,0.3752691447734833,0.8099900484085083,0.10603525982313783,8.776138315520356,12.456500053405762,0.3619682192802429,2.4170186519622803
6,UNet,1002380,1,0.5343324542045593,21.180925369262695,0.38021308183670044,0.8186901807785034,0.1029382481150486,8.39282116391802,12.903268814086914,0.36462822556495667,2.4840872287750244
6,UNet,1002380,2,0.4888871908187866,21.669301986694336,0.34447020292282104,0.8177437782287598,0.09656998439316523,9.012884211983026,14.143943786621094,0.375695139169693,2.60202693939209
6,UNet,1002380,3,0.4468708634376526,21.018754959106445,0.3789688050746918,0.839534342288971,0.08973019456049178,8.010223784769583,15.045740127563477,0.38840416073799133,2.6851696968078613
6,UNet,1002382,0,0.789622962474823,26.78919792175293,0.1610327959060669,0.6177345514297485,0.11581251355743429,14.590338274077645,6.700736999511719,0.30859699845314026,1.687963604927063
6,UNet,1002382,1,0.7753086090087891,26.737560272216797,0.16101491451263428,0.6198506355285645,0.11510493187634044,13.914466367031132,6.7853851318359375,0.3123542368412018,1.772904872894287
6,UNet,1002382,2,0.765663206577301,26.768796920776367,0.16007740795612335,0.6206194758415222,0.11423191686732281,13.91945456865705,6.7467451095581055,0.31680768728256226,1.8042471408843994
6,UNet,1002382,3,0.7513095140457153,26.81287956237793,0.15875539183616638,0.6211323142051697,0.11390621877094129,13.94553276479745,6.771165370941162,0.32199224829673767,1.8386602401733398
6,UNet,1002412,0,0.6471559405326843,28.77385902404785,0.22888322174549103,0.7240028381347656,0.12290258886106922,13.36679941343148,13.106521606445312,0.3838961124420166,2.5383517742156982
6,UNet,1002412,1,0.6289833784103394,28.628528594970703,0.23115144670009613,0.7257847785949707,0.12017732441464052,13.320512218303168,13.365588188171387,0.3907478451728821,2.554499626159668
6,UNet,1002412,2,0.6030921339988708,28.426441192626953,0.23829269409179688,0.7297793030738831,0.11577705327257051,13.156103309243663,13.869153022766113,0.39772510528564453,2.5658485889434814
6,UNet,1002412,3,0.562328040599823,27.963674545288086,0.24878565967082977,0.7343692183494568,0.11215475021555829,13.055843970153372,14.719670295715332,0.4112231135368347,2.5825085639953613
6,UNet,1002417,0,0.7460201978683472,25.684566497802734,0.1426861435174942,0.7810801863670349,0.11223984184970531,11.53769020569079,11.325876235961914,0.4174666404724121,2.9338300228118896
6,UNet,1002417,1,0.7445668578147888,24.660682678222656,0.15861698985099792,0.7939172983169556,0.11149728239130814,10.329190330453066,11.422778129577637,0.42077282071113586,2.9160614013671875
6,UNet,1002417,2,0.7419218420982361,24.633586883544922,0.15860946476459503,0.7934713959693909,0.11093536740841035,10.342375205688178,11.434240341186523,0.4209541380405426,2.925523281097412
6,UNet,1002417,3,0.7396697998046875,24.6617431640625,0.15902599692344666,0.7949903607368469,0.11135657937160204,10.312522777268953,11.435722351074219,0.4220782518386841,2.9560494422912598
6,UNet,1002451,0,0.6537562608718872,26.74016571044922,0.21455243229866028,0.7754534482955933,0.09819880538767063,10.86031719141152,13.77366828918457,0.4060360789299011,2.8564019203186035
6,UNet,1002451,1,0.6420407891273499,26.617111206054688,0.21500630676746368,0.7775547504425049,0.0962925673196947,10.615449617021486,14.01292610168457,0.4128149449825287,2.9375758171081543
6,UNet,1002451,2,0.6120988726615906,26.41381072998047,0.22000233829021454,0.7811124920845032,0.09322343345356562,10.499595598065206,14.456807136535645,0.4208424985408783,3.0548250675201416
6,UNet,1002451,3,0.5701990723609924,26.120336532592773,0.22706422209739685,0.7849249839782715,0.08985458778865196,10.362599516732073,15.445365905761719,0.4282522201538086,3.05794620513916
6,UNet,1002515,0,0.704971194267273,25.209640502929688,0.4411771893501282,0.8155282139778137,0.10334612749760257,6.026608504814531,14.572514533996582,0.3924042880535126,2.270805597305298
6,UNet,1002515,1,0.7003175616264343,25.4293212890625,0.4232770502567291,0.8220833539962769,0.10154686629118663,5.681781744832756,14.921670913696289,0.3970798850059509,2.3021304607391357
6,UNet,1002515,2,0.6830870509147644,25.39914321899414,0.4231087565422058,0.8243856430053711,0.09907851414772048,5.617798714109634,15.620770454406738,0.40206679701805115,2.337144374847412
6,UNet,1002515,3,0.6563655138015747,25.366600036621094,0.42128071188926697,0.828581690788269,0.09511666151071092,5.524251518421746,16.869722366333008,0.41161155700683594,2.4157583713531494
6,UNet,1002526,0,0.83392333984375,27.083396911621094,0.21050284802913666,0.670715868473053,0.12230871276969178,14.354301543000139,9.134055137634277,0.3135921061038971,1.8408198356628418
6,UNet,1002526,1,0.8328281044960022,27.276498794555664,0.20454652607440948,0.6743174195289612,0.12148262209766125,14.284375138063353,9.132946014404297,0.317699670791626,1.845582365989685
6,UNet,1002526,2,0.8259122967720032,27.255542755126953,0.20502778887748718,0.6753889918327332,0.12047033404671516,14.240192893143755,9.217883110046387,0.320787638425827,1.8886401653289795
6,UNet,1002526,3,0.8138930797576904,27.545164108276367,0.19626758992671967,0.6751599311828613,0.11960345817894164,14.454899038288582,9.40521240234375,0.3264690637588501,1.935675859451294
6,UNet,1002538,0,0.701954185962677,24.930419921875,0.36555466055870056,0.7628540396690369,0.10808252651504646,8.376701694995203,13.569524765014648,0.3865082263946533,2.4868006706237793
6,UNet,1002538,1,0.6942135691642761,25.13469696044922,0.3516995310783386,0.7700071930885315,0.10610116144671881,8.237538601136663,13.87408447265625,0.39405176043510437,2.5216240882873535
6,UNet,1002538,2,0.6697951555252075,25.08757781982422,0.3522106409072876,0.7749888300895691,0.10357530339946515,8.11229870585786,14.578290939331055,0.4040592312812805,2.597905158996582
6,UNet,1002538,3,0.6322936415672302,24.96139907836914,0.3560371398925781,0.7837206721305847,0.09869688073988198,7.885224098086847,15.7290620803833,0.4095296263694763,2.612492084503174
2,Unrolled,1000017,0,0.8458759784698486,33.29628372192383,0.12075015157461166,0.2767976224422455,0.20271636937985324,23.35690127845183,3.0808768272399902,0.13596168160438538,0.23420682549476624
2,Unrolled,1000017,1,0.8182711005210876,32.33063888549805,0.1318407654762268,0.2972937226295471,0.18288392703714904,21.213057016268998,3.4312965869903564,0.15021252632141113,0.28146547079086304
2,Unrolled,1000017,2,0.7706153988838196,31.103683471679688,0.1539820283651352,0.3331452012062073,0.16258922583327057,19.70242651808833,4.407137870788574,0.16570255160331726,0.36016955971717834
2,Unrolled,1000017,3,0.697975754737854,29.635040283203125,0.17795425653457642,0.3736141324043274,0.14220412366550936,19.130070984907285,5.890046119689941,0.18989251554012299,0.5422948002815247
2,Unrolled,1000026,0,0.8274616003036499,32.464664459228516,0.10451478511095047,0.30687496066093445,0.21015952708157704,26.700211436947345,3.2976627349853516,0.13730376958847046,0.22225886583328247
2,Unrolled,1000026,1,0.8025170564651489,31.617321014404297,0.11454932391643524,0.33008936047554016,0.19103124053580672,25.00942535561839,3.792750597000122,0.1518326699733734,0.2704266607761383
2,Unrolled,1000026,2,0.7576913833618164,30.567962646484375,0.13041014969348907,0.36202728748321533,0.17051735602039456,23.20160473203474,4.8867716789245605,0.1665002852678299,0.34613561630249023
2,Unrolled,1000026,3,0.6894468069076538,29.06508445739746,0.1545441746711731,0.40990424156188965,0.15005967962597702,21.501906730246084,6.448571681976318,0.19016288220882416,0.48633384704589844
2,Unrolled,1000041,0,0.9516137838363647,38.10439682006836,0.040292322635650635,0.15344178676605225,0.2777599550661728,30.66349791018488,0.8180996775627136,0.07597465068101883,0.29006505012512207
2,Unrolled,1000041,1,0.9387837648391724,34.54064178466797,0.06052611395716667,0.1665215790271759,0.26688721773059537,20.448213658923443,1.1665056943893433,0.0831800326704979,0.39360976219177246
2,Unrolled,1000041,2,0.9314176440238953,34.324684143066406,0.06221103295683861,0.16959401965141296,0.25186316049916574,20.346510878628038,1.2154326438903809,0.08928897231817245,0.4137732684612274
2,Unrolled,1000041,3,0.918988823890686,33.95832443237305,0.06514989584684372,0.17416717112064362,0.2408540610774743,20.134533685118043,1.2727019786834717,0.09419066458940506,0.45492464303970337
2,Unrolled,1000071,0,0.9376634955406189,37.34440612792969,0.05547470971941948,0.2200673669576645,0.2733284630232296,27.860251705027675,1.3795394897460938,0.09715476632118225,0.3001170754432678
2,Unrolled,1000071,1,0.9261878728866577,37.40184020996094,0.05469714105129242,0.2291404753923416,0.2632476929445832,27.18476112159162,1.4539713859558105,0.10435101389884949,0.34001100063323975
2,Unrolled,1000071,2,0.9120463728904724,36.71573257446289,0.059345729649066925,0.23882022500038147,0.23970428075529426,26.410018026084934,1.6291853189468384,0.11010601371526718,0.3663158416748047
2,Unrolled,1000071,3,0.8921000361442566,35.891944885253906,0.06542041152715683,0.2508905231952667,0.2231310736469772,25.542342625780833,2.0798237323760986,0.1227743998169899,0.4203971028327942
2,Unrolled,1000107,0,0.926245927810669,34.98320007324219,0.05256769061088562,0.18547196686267853,0.25591327779343304,27.40797390908449,0.775506854057312,0.10019810497760773,0.34136471152305603
2,Unrolled,1000107,1,0.9112291932106018,35.01521301269531,0.05216377601027489,0.1968623250722885,0.24301474091665434,26.834076646808718,0.854826807975769,0.1071934849023819,0.3661675453186035
2,Unrolled,1000107,2,0.8932337164878845,34.574493408203125,0.054875098168849945,0.20470720529556274,0.22567766936488395,26.517288875981926,0.9565580487251282,0.11291954666376114,0.42085975408554077
2,Unrolled,1000107,3,0.8618229031562805,34.684349060058594,0.053601011633872986,0.21546462178230286,0.21411523914284114,27.2449994994798,1.1462234258651733,0.12638190388679504,0.5115136504173279
2,Unrolled,1000153,0,0.9215202927589417,34.822566986083984,0.062450747936964035,0.15843738615512848,0.2536734042451016,26.66659395343047,0.9237458109855652,0.09032073616981506,0.2742128074169159
2,Unrolled,1000153,1,0.9063568115234375,34.111427307128906,0.06790006905794144,0.1691356897354126,0.24173159773240727,24.751606110977292,1.0001163482666016,0.09840930998325348,0.31230801343917847
2,Unrolled,1000153,2,0.886867105960846,33.79108810424805,0.07030665874481201,0.1778554618358612,0.22537164915486196,24.56559439140213,1.1419721841812134,0.10643172264099121,0.3562891483306885
2,Unrolled,1000153,3,0.8567410111427307,33.51580810546875,0.0720316618680954,0.18886685371398926,0.21056438894337343,24.74643334998772,1.4497623443603516,0.11853161454200745,0.4468788206577301
2,Unrolled,1000178,0,0.8576546311378479,34.30211639404297,0.09929513931274414,0.27328744530677795,0.22189614921847214,26.217732744288487,2.922435998916626,0.13937731087207794,0.2480386197566986
2,Unrolled,1000178,1,0.8409175872802734,25.95016098022461,0.3451147675514221,0.4670669138431549,0.20514055614646307,9.932209049857297,3.3003928661346436,0.15573257207870483,0.4685562551021576
2,Unrolled,1000178,2,0.8172177672386169,26.036556243896484,0.3382120728492737,0.47363293170928955,0.18471962111026202,9.925131050385874,4.139307975769043,0.1691625565290451,0.5105599164962769
2,Unrolled,1000178,3,0.7802160978317261,26.062232971191406,0.3329438269138336,0.4873291850090027,0.16684194533221813,9.881704867178327,5.6508002281188965,0.18714985251426697,0.6081419587135315
2,Unrolled,1000196,0,0.8769611716270447,34.48844528198242,0.07058027386665344,0.26914045214653015,0.22247452028443668,24.349516386580564,2.509695529937744,0.13794982433319092,0.3591703176498413
2,Unrolled,1000196,1,0.8659758567810059,29.601932525634766,0.13559415936470032,0.31000030040740967,0.19677944965459762,17.079612739783684,2.8639254570007324,0.14897088706493378,0.43377044796943665
2,Unrolled,1000196,2,0.8283126950263977,28.770652770996094,0.150480717420578,0.33869561553001404,0.17373383790630698,16.17062793613985,3.8707613945007324,0.16535204648971558,0.5386998653411865
2,Unrolled,1000196,3,0.775420606136322,28.269657135009766,0.15901941061019897,0.37544623017311096,0.15605732648803722,15.62082226058488,5.684608459472656,0.18758194148540497,0.6871337890625
2,Unrolled,1000206,0,0.8733638525009155,34.6400146484375,0.08441754430532455,0.27459806203842163,0.2247884310774716,27.50569494741066,3.212606906890869,0.1276034563779831,0.2677513062953949
2,Unrolled,1000206,1,0.8545389771461487,33.95664596557617,0.09075623750686646,0.28843453526496887,0.20714605530571342,26.29603767624076,3.5190773010253906,0.1370701640844345,0.3017131984233856
2,Unrolled,1000206,2,0.8228330016136169,32.93602752685547,0.10321859270334244,0.3066484332084656,0.1854262084875022,24.583340594910027,4.561606407165527,0.14693725109100342,0.35402119159698486
2,Unrolled,1000206,3,0.7769119143486023,31.727725982666016,0.11853032559156418,0.33460095524787903,0.16944003700381374,23.3869432389919,6.297472953796387,0.16910721361637115,0.46397966146469116
2,Unrolled,1000264,0,0.9179142713546753,36.13017654418945,0.05896279215812683,0.3550749123096466,0.2155413550992827,24.29026633106468,2.12221097946167,0.12719929218292236,0.47369080781936646
2,Unrolled,1000264,1,0.9060268998146057,36.36549377441406,0.05672048404812813,0.3593372106552124,0.20737419125483325,24.268876536909474,2.2305102348327637,0.13102987408638,0.49586600065231323
2,Unrolled,1000264,2,0.8936493396759033,35.88297653198242,0.06009392812848091,0.36578184366226196,0.19890390743024286,23.97735966662303,2.4031481742858887,0.13967323303222656,0.5441895723342896
2,Unrolled,1000264,3,0.8714935779571533,35.194915771484375,0.06513850390911102,0.3777494728565216,0.1862443845210903,23.586804850469196,2.844851493835449,0.15398085117340088,0.6214120984077454
2,Unrolled,1000292,0,0.8449699878692627,34.01973342895508,0.11766484379768372,0.2622995376586914,0.20153210283737646,25.140731979767395,3.3736000061035156,0.13122817873954773,0.23411378264427185
2,Unrolled,1000292,1,0.8254936933517456,33.244197845458984,0.12953723967075348,0.28262606263160706,0.18597629701927593,22.167521864959344,3.7744412422180176,0.1416507512331009,0.28309765458106995
2,Unrolled,1000292,2,0.7816842794418335,32.13692855834961,0.1452171802520752,0.30658918619155884,0.1636486818531912,21.79571351396639,4.6072516441345215,0.15524481236934662,0.3363560438156128
2,Unrolled,1000292,3,0.7240205407142639,30.79729461669922,0.1687239408493042,0.3423016667366028,0.1489393925779204,20.626997658613586,5.579401969909668,0.17680014669895172,0.46315672993659973
2,Unrolled,1000314,0,0.9385595917701721,39.33456802368164,0.03703150153160095,0.20679451525211334,0.2483317390779627,30.88179398418026,1.2085946798324585,0.10259787738323212,0.38641324639320374
2,Unrolled,1000314,1,0.9307363629341125,35.55707931518555,0.05871410295367241,0.2522631585597992,0.2402581580162695,23.91137347986291,1.2712150812149048,0.10816415399312973,0.4328519403934479
2,Unrolled,1000314,2,0.9196661710739136,35.329002380371094,0.060269493609666824,0.2574527859687805,0.22609921354468646,23.834721439586524,1.414196491241455,0.11408532410860062,0.4581161141395569
2,Unrolled,1000314,3,0.9018726944923401,34.796165466308594,0.0641876682639122,0.2665518522262573,0.21367792913071082,23.443967241671125,1.6840400695800781,0.1260688751935959,0.524376630783081
2,Unrolled,1000323,0,0.9549615383148193,39.189048767089844,0.03926537558436394,0.21028494834899902,0.2623183034496871,29.60307433030456,1.3711751699447632,0.09999118745326996,0.3673803508281708
2,Unrolled,1000323,1,0.9489326477050781,39.079341888427734,0.03952635079622269,0.23076674342155457,0.25024448144680095,28.18584757534078,1.4597290754318237,0.1118711456656456,0.471196711063385
2,Unrolled,1000323,2,0.9390654563903809,38.84189224243164,0.040477458387613297,0.23804880678653717,0.23320435656749286,28.255712095910063,1.6308116912841797,0.11707092821598053,0.509975790977478
2,Unrolled,1000323,3,0.9237542152404785,38.178504943847656,0.043603550642728806,0.2513681650161743,0.21650711928019037,27.98338603859542,2.0092687606811523,0.1264185756444931,0.6164728403091431
2,Unrolled,1000344,0,0.9138752818107605,36.56759262084961,0.1287282109260559,0.2854686975479126,0.22007787558168204,20.211601387924315,2.799680233001709,0.11158978939056396,0.22286540269851685
2,Unrolled,1000344,1,0.9002590179443359,36.31550598144531,0.12968938052654266,0.31961068511009216,0.20054189446548193,18.677709421829533,3.227729082107544,0.12799136340618134,0.2869375944137573
2,Unrolled,1000344,2,0.8766275644302368,35.26288604736328,0.14829616248607635,0.3443775475025177,0.17866616362458262,17.494934886299063,4.311662673950195,0.13991904258728027,0.37233051657676697
2,Unrolled,1000344,3,0.8356368541717529,34.491539001464844,0.15928418934345245,0.3794906735420227,0.16496639395153687,17.30620058613121,5.867531776428223,0.161013662815094,0.5125226974487305
2,Unrolled,1000432,0,0.9175827503204346,35.52328872680664,0.054261352866888046,0.17377591133117676,0.2626426625003343,28.354839872934548,0.9623727798461914,0.09059571474790573,0.26448193192481995
2,Unrolled,1000432,1,0.8980856537818909,34.88059997558594,0.05783417075872421,0.19563716650009155,0.24868199255098156,25.734115533855903,1.1256475448608398,0.10287942737340927,0.3229495882987976
2,Unrolled,1000432,2,0.8820919990539551,33.39239501953125,0.07029727101325989,0.20366723835468292,0.22955251558654832,23.669810320595843,1.305108904838562,0.1084989607334137,0.3571057617664337
2,Unrolled,1000432,3,0.8491288423538208,33.17361831665039,0.07121235877275467,0.21663738787174225,0.2132654531873953,24.06946186046521,1.5217130184173584,0.1243443638086319,0.5035468935966492
2,Unrolled,1000464,0,0.9427937269210815,34.60913848876953,0.05509471893310547,0.24991542100906372,0.24806540416165995,24.106807644136747,1.9897794723510742,0.12379312515258789,0.6059509515762329
2,Unrolled,1000464,1,0.9392104744911194,28.445980072021484,0.1202174723148346,0.28574690222740173,0.24338182092482566,18.34167347123333,2.04998779296875,0.12836533784866333,0.6556908488273621
2,Unrolled,1000464,2,0.9344039559364319,27.87834930419922,0.12944906949996948,0.2910712659358978,0.23341890530350196,17.765770070767935,2.1187970638275146,0.12919071316719055,0.6643887162208557
2,Unrolled,1000464,3,0.9277722835540771,28.070680618286133,0.12614834308624268,0.29363131523132324,0.22277771963447393,17.904755997631497,2.2729029655456543,0.1324903666973114,0.6916384100914001
2,Unrolled,1000538,0,0.8844569325447083,36.16142654418945,0.08367997407913208,0.294781893491745,0.20351308938353055,26.251886441675573,2.5004360675811768,0.12893234193325043,0.2518034875392914
2,Unrolled,1000538,1,0.8635184168815613,35.4865608215332,0.08928509056568146,0.3075762391090393,0.19144516383934773,25.55278966788058,2.7614006996154785,0.1368706226348877,0.28802770376205444
2,Unrolled,1000538,2,0.8317744135856628,34.483306884765625,0.10066138952970505,0.3295537829399109,0.17271172427254364,24.39691630748292,3.406909227371216,0.15109138190746307,0.327224999666214
2,Unrolled,1000538,3,0.7859986424446106,33.21693801879883,0.11678247153759003,0.36043882369995117,0.15607023263956016,23.081071747246177,4.419219017028809,0.17016957700252533,0.4429190754890442
2,Unrolled,1000591,0,0.9252669811248779,38.189544677734375,0.0771852433681488,0.19170886278152466,0.24698024265499052,26.9729377816958,2.1713497638702393,0.11087758839130402,0.21180486679077148
2,Unrolled,1000591,1,0.909938395023346,36.657684326171875,0.09090597927570343,0.2049218863248825,0.22600019136457805,20.91032671296604,2.5446925163269043,0.12313671410083771,0.3344523310661316
2,Unrolled,1000591,2,0.8862366676330566,35.981781005859375,0.0977652445435524,0.22067521512508392,0.2051077665558321,20.78487902609526,2.9672093391418457,0.1345289945602417,0.41745033860206604
2,Unrolled,1000591,3,0.854484498500824,34.89573669433594,0.11211615055799484,0.24788644909858704,0.19009372200316169,19.947348428846855,3.5287952423095703,0.1545609086751938,0.5139560103416443
2,Unrolled,1000697,0,0.9610220193862915,42.19552993774414,0.03050692193210125,0.18049278855323792,0.2705303490994689,33.910387057680076,0.6260336637496948,0.08417440205812454,0.2951328158378601
2,Unrolled,1000697,1,0.9473400712013245,41.48288345336914,0.03294213116168976,0.182293102145195,0.2688051489012637,32.630654236911425,0.6459702849388123,0.08663076162338257,0.37985339760780334
2,Unrolled,1000697,2,0.940543532371521,41.154788970947266,0.03422877937555313,0.18538935482501984,0.2579702399935085,32.49753092509923,0.6521440744400024,0.08945168554782867,0.41193193197250366
2,Unrolled,1000697,3,0.9302750825881958,40.71532440185547,0.036092888563871384,0.19069339334964752,0.246648138038991,32.140704346094644,0.742883563041687,0.09675390273332596,0.47122424840927124
2,Unrolled,1000735,0,0.9239704608917236,34.576045989990234,0.06371745467185974,0.24406029284000397,0.239432596118792,25.368730102681898,1.1825053691864014,0.11094921827316284,0.40984758734703064
2,Unrolled,1000735,1,0.9158049821853638,34.90957260131836,0.06100134924054146,0.24532371759414673,0.23943543324491073,25.276465099616022,1.1908055543899536,0.11494220793247223,0.4198281168937683
2,Unrolled,1000735,2,0.9158048033714294,34.909576416015625,0.061001330614089966,0.24532373249530792,0.239435432245585,25.276459775296164,1.1908059120178223,0.11494220793247223,0.41982847452163696
2,Unrolled,1000735,3,0.9158049821853638,34.90957260131836,0.06100134924054146,0.24532373249530792,0.23943543827053682,25.276463398362473,1.1908055543899536,0.11494222283363342,0.41982826590538025
2,Unrolled,1000759,0,0.9420390725135803,38.55455780029297,0.034801580011844635,0.13994354009628296,0.27702261980091886,31.28696383706564,0.6751230955123901,0.07897322624921799,0.29993993043899536
2,Unrolled,1000759,1,0.9210520386695862,37.497745513916016,0.03917411342263222,0.14599154889583588,0.26757629057832727,27.85670529495613,0.735338032245636,0.08394940197467804,0.3550708293914795
2,Unrolled,1000759,2,0.908187985420227,37.090171813964844,0.0410805307328701,0.14958739280700684,0.25270153879435703,27.730549435009646,0.7923916578292847,0.08996638655662537,0.38074466586112976
2,Unrolled,1000759,3,0.8896101117134094,36.59572219848633,0.043744444847106934,0.15474668145179749,0.24043125013562117,27.314917468171664,0.8594251871109009,0.09855209290981293,0.4506983160972595
2,Unrolled,1000769,0,0.9502468109130859,37.77400207519531,0.04112858697772026,0.1355137974023819,0.27900843483440957,29.778443272583054,0.685090184211731,0.08044658601284027,0.24777552485466003
2,Unrolled,1000769,1,0.9340845346450806,37.582820892333984,0.04180637001991272,0.14257346093654633,0.2664053050359591,26.647407848742958,0.7616790533065796,0.08485469222068787,0.31255990266799927
2,Unrolled,1000769,2,0.9218680262565613,37.170166015625,0.043856095522642136,0.1463501900434494,0.2527522404446589,26.386360441843767,0.812576174736023,0.09148762375116348,0.3329387903213501
2,Unrolled,1000769,3,0.9024067521095276,36.723609924316406,0.04606456682085991,0.15232177078723907,0.2392903790009298,26.260864796226112,0.8688594698905945,0.10081415623426437,0.38260114192962646
2,Unrolled,1000891,0,0.9113597273826599,33.360721588134766,0.08282400667667389,0.20271779596805573,0.24915346729571822,23.012133686179077,1.0269200801849365,0.10003963112831116,0.22114621102809906
2,Unrolled,1000891,1,0.8902521729469299,33.2949104309082,0.08263538777828217,0.21841026842594147,0.23471253889285987,20.824628427174293,1.1777364015579224,0.11276023834943771,0.2710648477077484
2,Unrolled,1000891,2,0.8712925314903259,32.43323516845703,0.09198391437530518,0.2296925038099289,0.2173522323965489,20.081053056072516,1.3396031856536865,0.12056893110275269,0.3162775933742523
2,Unrolled,1000891,3,0.8414202928543091,31.98381805419922,0.09665285795927048,0.2433871477842331,0.20311206782793342,19.818227348567454,1.5946073532104492,0.12919776141643524,0.3653225004673004
2,Unrolled,1000899,0,0.9374847412109375,39.12712097167969,0.06943756341934204,0.2573973834514618,0.23197384078993427,22.5020685557995,2.4472951889038086,0.12090004980564117,0.2890898585319519
2,Unrolled,1000899,1,0.9282736778259277,37.326637268066406,0.08384961634874344,0.2912708818912506,0.2125866525578097,19.628470499387028,2.7006676197052,0.13389839231967926,0.3607047498226166
2,Unrolled,1000899,2,0.9074481129646301,36.418392181396484,0.0926518440246582,0.30729636549949646,0.19231743931699774,19.451944865333203,3.32916522026062,0.1466284692287445,0.442367285490036
2,Unrolled,1000899,3,0.8768812417984009,35.54048538208008,0.10286742448806763,0.3290252983570099,0.17415351100211512,19.102963325948604,4.52658224105835,0.16831587255001068,0.592836320400238
2,Unrolled,1001064,0,0.9498735070228577,36.937564849853516,0.05038401484489441,0.136907696723938,0.27900634605498714,27.80639175425463,0.6216620802879333,0.08298031985759735,0.2877214848995209
2,Unrolled,1001064,1,0.9396088123321533,35.8394775390625,0.05685168877243996,0.1583031713962555,0.265773810299975,23.59189225819246,0.7178031802177429,0.09528566151857376,0.3614422082901001
2,Unrolled,1001064,2,0.9284729361534119,36.11714172363281,0.05449819192290306,0.16227218508720398,0.2525119010737105,24.071849881415396,0.7826941609382629,0.10346532613039017,0.38847482204437256
2,Unrolled,1001064,3,0.9144826531410217,35.11576843261719,0.06188546493649483,0.1674746721982956,0.2381700654323762,23.209295520824234,0.8698371052742004,0.11020407825708389,0.43629327416419983
2,Unrolled,1001090,0,0.8998527526855469,36.912742614746094,0.0667167380452156,0.1711997389793396,0.2388906220579374,31.11492270836041,2.126176357269287,0.10767746716737747,0.21963924169540405
2,Unrolled,1001090,1,0.8786062598228455,35.954345703125,0.07356827706098557,0.18323761224746704,0.22199414382287042,29.74662378348219,2.4086852073669434,0.11677750945091248,0.2648558020591736
2,Unrolled,1001090,2,0.8488429188728333,35.00639343261719,0.08285286277532578,0.1983591616153717,0.19992244031718484,28.19543603965874,2.877096652984619,0.1312568038702011,0.3398018181324005
2,Unrolled,1001090,3,0.7968747019767761,33.43379211425781,0.09790199249982834,0.21911250054836273,0.18367374443868215,27.85297374058198,3.7829670906066895,0.15256646275520325,0.48317623138427734
2,Unrolled,1001096,0,0.9085352420806885,34.5113525390625,0.05902198329567909,0.2316691279411316,0.24549634168688075,26.382002412038066,0.9860607981681824,0.10414746403694153,0.3318387269973755
2,Unrolled,1001096,1,0.8941919803619385,34.17437744140625,0.06141367182135582,0.23916122317314148,0.2341980946034757,25.45122031898604,1.0571764707565308,0.1150546669960022,0.38198384642601013
2,Unrolled,1001096,2,0.8760794997215271,33.98176574707031,0.062472473829984665,0.24445851147174835,0.2203366186507137,25.62213594600456,1.1895544528961182,0.12225569039583206,0.435091108083725
2,Unrolled,1001096,3,0.8520014882087708,32.9013671875,0.07135175913572311,0.2564336061477661,0.208196875102664,24.377667486092065,1.5054802894592285,0.13099229335784912,0.5045552849769592
2,Unrolled,1001104,0,0.8838043212890625,33.87171173095703,0.05377592891454697,0.19739693403244019,0.23427512563735395,28.441061038473073,0.7937647104263306,0.10742100328207016,0.29300040006637573
2,Unrolled,1001104,1,0.861647367477417,33.2351188659668,0.05792694538831711,0.20886261761188507,0.2198674314604633,26.76436812229028,0.9155384302139282,0.1195264682173729,0.3426388204097748
2,Unrolled,1001104,2,0.8363579511642456,33.07999038696289,0.0594562292098999,0.21709129214286804,0.2052696799000268,26.672883793605926,0.9741048812866211,0.12617066502571106,0.425258070230484
2,Unrolled,1001104,3,0.7992168664932251,32.45482635498047,0.06460681557655334,0.22948037087917328,0.19152463285358395,25.85822485206,1.2346526384353638,0.1416817307472229,0.5364851951599121
2,Unrolled,1001119,0,0.8845522403717041,33.38291549682617,0.10647611320018768,0.2832690477371216,0.2221661249820141,21.75218603700172,2.5523762702941895,0.11963531374931335,0.24046729505062103
2,Unrolled,1001119,1,0.8678169846534729,33.50397491455078,0.10340578109025955,0.30579373240470886,0.20101018459137193,21.598010749845415,2.86502742767334,0.13252508640289307,0.3107489347457886
2,Unrolled,1001119,2,0.8278493285179138,32.89027404785156,0.10994584858417511,0.3380194306373596,0.17419390548527547,21.34388834343453,3.5638680458068848,0.1497424989938736,0.41282835602760315
2,Unrolled,1001119,3,0.7720732092857361,31.69449806213379,0.12587028741836548,0.3761475384235382,0.15734370981034831,20.42071562581103,5.361577033996582,0.16990765929222107,0.5701359510421753
2,Unrolled,1001140,0,0.8959641456604004,36.33441162109375,0.09000537544488907,0.24290689826011658,0.24004339604117064,26.763995344655427,2.398486375808716,0.11932888627052307,0.19857487082481384
2,Unrolled,1001140,1,0.8782550692558289,35.124881744384766,0.1028205007314682,0.2653343677520752,0.21874854810624297,22.332480083175867,2.829622507095337,0.13560369610786438,0.2752041518688202
2,Unrolled,1001140,2,0.844649612903595,34.08893966674805,0.1159851923584938,0.289264053106308,0.19298009073362157,21.60878865946966,3.687285900115967,0.15317930281162262,0.35594356060028076
2,Unrolled,1001140,3,0.7974454760551453,32.808746337890625,0.1352187842130661,0.32261329889297485,0.1720120259374883,20.353482340907732,5.413503646850586,0.17176096141338348,0.4823547303676605
2,Unrolled,1001144,0,0.8731295466423035,34.91351318359375,0.07387757301330566,0.25696679949760437,0.22332241092019733,27.16609563641591,2.2627570629119873,0.12248057872056961,0.1912304013967514
2,Unrolled,1001144,1,0.853702187538147,34.066749572753906,0.08066626638174057,0.272114098072052,0.20709181543446967,24.06823501948464,2.573869228363037,0.13401873409748077,0.24618858098983765
2,Unrolled,1001144,2,0.8211669921875,33.07748031616211,0.09093382954597473,0.2939368486404419,0.18573321888259897,23.16518329095818,3.271678924560547,0.14486069977283478,0.2929824888706207
2,Unrolled,1001144,3,0.7626339793205261,31.64724349975586,0.10392452031373978,0.32757386565208435,0.1693796412547364,23.804043695156164,4.55488920211792,0.16675209999084473,0.39523011445999146
2,Unrolled,1001159,0,0.8132236003875732,30.666372299194336,0.18355458974838257,0.3890712559223175,0.17350695904077115,17.448237983778142,4.85183572769165,0.1441037505865097,0.2693483531475067
2,Unrolled,1001159,1,0.7850723266601562,30.3975830078125,0.1886584758758545,0.41661742329597473,0.15903384396633163,16.73255578436593,5.158604621887207,0.15487168729305267,0.3202647268772125
2,Unrolled,1001159,2,0.7415057420730591,29.83761215209961,0.19874946773052216,0.4492020905017853,0.1437776570170453,16.494768250892225,6.33549690246582,0.17087151110172272,0.3898426294326782
2,Unrolled,1001159,3,0.6787405610084534,28.96340560913086,0.2157052457332611,0.49155858159065247,0.12469764252076994,15.996892723749369,7.703085422515869,0.18590962886810303,0.5356559157371521
2,Unrolled,1001168,0,0.888712465763092,31.110698699951172,0.08633317798376083,0.2210514098405838,0.21441276797836795,22.071584808969856,1.0012118816375732,0.11254614591598511,0.36506688594818115
2,Unrolled,1001168,1,0.8624691367149353,31.124103546142578,0.08571816980838776,0.23137150704860687,0.20476818435940009,21.476209578484205,1.125467300415039,0.12204988300800323,0.41870027780532837
2,Unrolled,1001168,2,0.8337594866752625,31.053733825683594,0.08597775548696518,0.24135927855968475,0.19198326374084376,21.544694772180595,1.2466676235198975,0.13257800042629242,0.47374892234802246
2,Unrolled,1001168,3,0.7965472340583801,29.991914749145508,0.09799457341432571,0.2567223906517029,0.17995375914964534,20.587841255722633,1.5254662036895752,0.14679229259490967,0.5945789217948914
2,Unrolled,1001170,0,0.9532836079597473,39.169288635253906,0.039633527398109436,0.14223429560661316,0.2869857918531093,31.37380419452072,0.5600609183311462,0.07473096251487732,0.3093448579311371
2,Unrolled,1001170,1,0.9366909265518188,38.88798522949219,0.04066339135169983,0.149941086769104,0.2775218439256922,29.389958401681653,0.6120912432670593,0.08017747104167938,0.4126463234424591
2,Unrolled,1001170,2,0.926872730255127,38.37897872924805,0.04323739558458328,0.1531030684709549,0.26448178534111616,28.8476679284207,0.6448507905006409,0.0857776626944542,0.4437686800956726
2,Unrolled,1001170,3,0.9101539850234985,38.01744842529297,0.044825758785009384,0.15885800123214722,0.2515822966701642,29.052367060657247,0.7348120808601379,0.09245934337377548,0.48107481002807617
2,Unrolled,1001184,0,0.9656095504760742,41.63243865966797,0.034817639738321304,0.16129210591316223,0.296447260661849,33.3318519524095,0.7717702984809875,0.06943321228027344,0.3009864091873169
2,Unrolled,1001184,1,0.9541777968406677,39.81902313232422,0.0425635501742363,0.17176401615142822,0.29025587971470557,27.4878634647893,0.894649863243103,0.07539613544940948,0.45415669679641724
2,Unrolled,1001184,2,0.9485306739807129,39.5386962890625,0.04390515759587288,0.17440542578697205,0.2784210764717812,27.464787821882513,0.9414809942245483,0.07800628244876862,0.471209853887558
2,Unrolled,1001184,3,0.9393444061279297,39.15946578979492,0.045779477804899216,0.17666926980018616,0.2647814862547786,27.4405605434129,0.9581260681152344,0.08255507797002792,0.5073537826538086
2,Unrolled,1001275,0,0.8220228552818298,32.479270935058594,0.1260959506034851,0.30507853627204895,0.20302133282401214,24.655193446511735,3.7996909618377686,0.13879968225955963,0.24889951944351196
2,Unrolled,1001275,1,0.7972785234451294,31.732746124267578,0.13744208216667175,0.3304063081741333,0.18704915112497045,22.371796013957162,4.304478645324707,0.15285363793373108,0.27722039818763733
2,Unrolled,1001275,2,0.7528359293937683,30.66870880126953,0.1555715650320053,0.35722482204437256,0.16453443542347376,21.26732590085894,5.177019119262695,0.16796566545963287,0.3650282323360443
2,Unrolled,1001275,3,0.6842164993286133,29.136438369750977,0.18277442455291748,0.39741623401641846,0.1438849409138439,20.136207994032326,6.562635898590088,0.19313305616378784,0.5181310176849365
2,Unrolled,1001381,0,0.9638842940330505,39.892269134521484,0.04182303696870804,0.16673654317855835,0.26822676846499716,31.316640273898564,1.2022136449813843,0.0882108062505722,0.29188454151153564
2,Unrolled,1001381,1,0.9542196989059448,40.376121520996094,0.03930255398154259,0.17036497592926025,0.2627400672686331,30.877085088935686,1.2399098873138428,0.08943178504705429,0.3818714916706085
2,Unrolled,1001381,2,0.9476165175437927,40.007266998291016,0.04103470221161842,0.17380402982234955,0.2510333014422498,30.534012408505788,1.3296810388565063,0.09246939420700073,0.40690234303474426
2,Unrolled,1001381,3,0.9366251230239868,39.637413024902344,0.042773421853780746,0.17922407388687134,0.2396459317004688,30.344085056415985,1.4209797382354736,0.09991239011287689,0.44850653409957886
2,Unrolled,1001651,0,0.8806667923927307,35.50360107421875,0.07373024523258209,0.21494537591934204,0.23424322082600516,29.92107361215393,2.18896484375,0.1160963848233223,0.2086259424686432
2,Unrolled,1001651,1,0.8599057793617249,34.67641067504883,0.0811820700764656,0.22881685197353363,0.21986752066258744,27.155721630802944,2.4357054233551025,0.12847627699375153,0.25849905610084534
2,Unrolled,1001651,2,0.8329168558120728,34.14068603515625,0.08718632161617279,0.2441859245300293,0.196062505096546,26.448470170174787,2.879760265350342,0.1419983208179474,0.3120541572570801
2,Unrolled,1001651,3,0.782158613204956,32.36143493652344,0.1046324372291565,0.2683495879173279,0.1811067946820971,25.990428714043162,3.776137590408325,0.15768182277679443,0.44050124287605286
2,Unrolled,1001655,0,0.9343260526657104,38.66258239746094,0.06320634484291077,0.19609379768371582,0.25084888127088073,28.576727422557482,2.0973000526428223,0.10108637064695358,0.2572711706161499
2,Unrolled,1001655,1,0.9228471517562866,37.401126861572266,0.07235024869441986,0.2110840231180191,0.23386389264634033,24.68646907620203,2.2953643798828125,0.10866328328847885,0.3143903911113739
2,Unrolled,1001655,2,0.9020797610282898,36.66323471069336,0.07820958644151688,0.22250360250473022,0.2158991522658765,24.690366250466163,2.721907615661621,0.12034326046705246,0.363853394985199
2,Unrolled,1001655,3,0.8733298778533936,35.649993896484375,0.08820224553346634,0.24119392037391663,0.19825252046245093,23.952316043410914,3.648012638092041,0.13842925429344177,0.5164871215820312
2,Unrolled,1001687,0,0.9277171492576599,35.023719787597656,0.05556740239262581,0.19425129890441895,0.27052796556265274,27.75057787494823,1.2176581621170044,0.09354274719953537,0.33906668424606323
2,Unrolled,1001687,1,0.9153098464012146,35.19877624511719,0.054103679955005646,0.20274901390075684,0.25699661517850936,27.246248888392024,1.261202096939087,0.10083873569965363,0.36663687229156494
2,Unrolled,1001687,2,0.9015035629272461,34.490440368652344,0.058928102254867554,0.20938342809677124,0.24211519682958155,26.361734328562903,1.3884915113449097,0.10699032247066498,0.41624686121940613
2,Unrolled,1001687,3,0.8772330284118652,34.54770278930664,0.0578945092856884,0.21925905346870422,0.22582580452725404,27.14452548849565,1.6714913845062256,0.11906463652849197,0.487548828125
2,Unrolled,1001759,0,0.9425897598266602,36.800254821777344,0.04167234152555466,0.1572362631559372,0.27469899947636617,30.513703395580222,0.6388317346572876,0.07674108445644379,0.2538069188594818
2,Unrolled,1001759,1,0.928611695766449,36.34990310668945,0.043736107647418976,0.16730579733848572,0.2630080579263816,27.39960091939208,0.757780909538269,0.08364365994930267,0.2766858637332916
2,Unrolled,1001759,2,0.9184992909431458,35.73188400268555,0.04715719446539879,0.17118550837039948,0.24787118452485066,26.85344745204135,0.8123931884765625,0.09086635708808899,0.30648311972618103
2,Unrolled,1001759,3,0.9003037214279175,35.604393005371094,0.047554969787597656,0.17773915827274323,0.23663898225919175,27.12904121011669,0.9009838104248047,0.09816998243331909,0.356818288564682
2,Unrolled,1001763,0,0.957257091999054,38.4511604309082,0.03980004042387009,0.18277902901172638,0.2654624304653304,30.976813669345052,1.2533208131790161,0.08445693552494049,0.32721489667892456
2,Unrolled,1001763,1,0.9535275101661682,38.62481689453125,0.03886134922504425,0.18648803234100342,0.2598545484521104,30.324441670585415,1.2596242427825928,0.08769284933805466,0.3506058156490326
2,Unrolled,1001763,2,0.9484441876411438,38.38589096069336,0.03993267938494682,0.18915843963623047,0.24916977041175806,30.20885709920867,1.3181828260421753,0.08896013349294662,0.36838483810424805
2,Unrolled,1001763,3,0.9400763511657715,38.0804443359375,0.04130770266056061,0.19364647567272186,0.2389321822518563,30.135216436612865,1.4327075481414795,0.09591492265462875,0.40998056530952454
2,Unrolled,1001798,0,0.8410483598709106,33.78631591796875,0.12061796337366104,0.2735348343849182,0.19958565996802388,25.319117853887967,3.8078951835632324,0.13304100930690765,0.2857362926006317
2,Unrolled,1001798,1,0.8102133274078369,32.61454772949219,0.13446088135242462,0.2950631082057953,0.1824408627541585,24.24873825412769,4.2037153244018555,0.14326632022857666,0.3445579707622528
2,Unrolled,1001798,2,0.7727940678596497,31.841453552246094,0.14935912191867828,0.3183213472366333,0.1654065922441462,22.787783217832352,5.032999038696289,0.15785500407218933,0.4138297438621521
2,Unrolled,1001798,3,0.7161852717399597,30.534353256225586,0.17392182350158691,0.3549324870109558,0.14566884917177783,21.164539761983935,6.3672966957092285,0.18018248677253723,0.5634881258010864
2,Unrolled,1001850,0,0.9059157967567444,37.72788619995117,0.08185473084449768,0.22730644047260284,0.22409628999200423,27.331613118987864,2.2411491870880127,0.12490732967853546,0.2732123136520386
2,Unrolled,1001850,1,0.8892989158630371,35.519554138183594,0.10400642454624176,0.25305813550949097,0.20715291335918964,20.833183152669257,2.648817539215088,0.13833358883857727,0.3655000925064087
2,Unrolled,1001850,2,0.8572060465812683,34.61055374145508,0.11525619029998779,0.2716507613658905,0.18610471152341998,20.46507865703045,3.4612057209014893,0.15054616332054138,0.4341371953487396
2,Unrolled,1001850,3,0.8079692125320435,33.418182373046875,0.13153515756130219,0.2980252504348755,0.17097195047253985,20.179775503935385,4.538558483123779,0.17174816131591797,0.574114203453064
2,Unrolled,1001851,0,0.8906830549240112,36.09049606323242,0.07646021991968155,0.1871979683637619,0.23791485974937163,29.319093150912376,2.3312344551086426,0.10853604227304459,0.22335763275623322
2,Unrolled,1001851,1,0.871371865272522,34.944923400878906,0.08646105974912643,0.20471309125423431,0.22119944142902226,25.023689870709333,2.6350250244140625,0.12219707667827606,0.2707030773162842
2,Unrolled,1001851,2,0.8342586755752563,33.85502243041992,0.09795652329921722,0.2232498675584793,0.19765673880409212,24.420270858790545,3.2469515800476074,0.13742595911026,0.34483978152275085
2,Unrolled,1001851,3,0.7806531190872192,32.42476272583008,0.11517946422100067,0.2521449327468872,0.18065096787756854,23.528984695658433,4.509927749633789,0.15815792977809906,0.4442588686943054
2,Unrolled,1001938,0,0.8769794702529907,34.68294906616211,0.07863509654998779,0.2835395634174347,0.2104043490171849,26.39438892100614,2.6837127208709717,0.1278800368309021,0.28358450531959534
2,Unrolled,1001938,1,0.8604101538658142,33.4741096496582,0.08890477567911148,0.30042964220046997,0.1954267132691846,24.80054290357616,3.041421890258789,0.1406795084476471,0.32815471291542053
2,Unrolled,1001938,2,0.8244255781173706,32.53791809082031,0.09886162728071213,0.31807002425193787,0.17684748214467544,24.40875274402576,3.8010032176971436,0.1568376123905182,0.3833805322647095
2,Unrolled,1001938,3,0.7797271609306335,31.712215423583984,0.11058840155601501,0.3452765643596649,0.16084614707361206,23.241354207640164,5.345694065093994,0.17539367079734802,0.5064239501953125
2,Unrolled,1001959,0,0.8720268607139587,34.38592529296875,0.09015408158302307,0.2708742916584015,0.2137519130119292,25.775533480415483,2.7692952156066895,0.12754756212234497,0.2781529128551483
2,Unrolled,1001959,1,0.8540969491004944,33.51521682739258,0.09855467826128006,0.2825171649456024,0.19872228698496908,24.72761109848214,3.146146297454834,0.13480724394321442,0.3167835474014282
2,Unrolled,1001959,2,0.8200893998146057,32.51335906982422,0.11017446219921112,0.30134057998657227,0.17992264324492385,24.149676149915898,3.996037721633911,0.15186429023742676,0.3549589514732361
2,Unrolled,1001959,3,0.7716633081436157,31.267696380615234,0.12651501595973969,0.32561954855918884,0.16383373203459356,23.33548281994464,5.364119529724121,0.16964887082576752,0.4732956290245056
2,Unrolled,1001995,0,0.9178510904312134,31.054767608642578,0.10425329208374023,0.1969795972108841,0.24422524672268328,20.79518282477334,1.173789381980896,0.09678509086370468,0.27483874559402466
2,Unrolled,1001995,1,0.9028028845787048,31.473665237426758,0.09853495657444,0.20025381445884705,0.23469565770831835,20.814330231795715,1.2348142862319946,0.10490335524082184,0.29806822538375854
2,Unrolled,1001995,2,0.8861064314842224,30.45362663269043,0.11216729879379272,0.21040749549865723,0.21914694918916616,19.580781438914507,1.4043335914611816,0.11117688566446304,0.3358340859413147
2,Unrolled,1001995,3,0.8599942922592163,30.35111427307129,0.11304467171430588,0.22052396833896637,0.2069427992487881,19.50177131314291,1.6527087688446045,0.12251649051904678,0.4165882468223572
2,Unrolled,1001997,0,0.8320518732070923,31.882915496826172,0.13188187777996063,0.3405023217201233,0.20131853655028528,20.666080123136283,3.141289472579956,0.14408747851848602,0.2676170766353607
2,Unrolled,1001997,1,0.8077741861343384,31.64647102355957,0.1326368898153305,0.35747867822647095,0.18105126217989864,20.48628709669494,3.350121021270752,0.14954125881195068,0.3136288523674011
2,Unrolled,1001997,2,0.7622619867324829,30.264995574951172,0.15886740386486053,0.39723989367485046,0.1618680140468256,18.238946487551402,4.3758225440979,0.166810542345047,0.4125904142856598
2,Unrolled,1001997,3,0.6960287690162659,28.93408203125,0.18488503992557526,0.44688814878463745,0.14126512679743836,16.90097355194934,5.290795803070068,0.1961047202348709,0.5736075043678284
2,Unrolled,1002007,0,0.8970895409584045,33.91114044189453,0.09141808748245239,0.23877765238285065,0.24310260330909267,23.69497846947378,2.153604030609131,0.1026410385966301,0.23255014419555664
2,Unrolled,1002007,1,0.8935469388961792,34.01875305175781,0.08987143635749817,0.2444622665643692,0.23814280997646395,22.472553750142854,2.2007739543914795,0.11043420433998108,0.277968168258667
2,Unrolled,1002007,2,0.8935468196868896,34.01875305175781,0.08987139165401459,0.2444622665643692,0.2381428157178878,22.472554075094923,2.2007741928100586,0.11043420433998108,0.2779684066772461
2,Unrolled,1002007,3,0.8935469388961792,34.01874923706055,0.08987146615982056,0.2444622814655304,0.23814281684584646,22.472557691383592,2.2007744312286377,0.11043420433998108,0.2779679596424103
2,Unrolled,1002035,0,0.9153926372528076,36.085933685302734,0.04319928586483002,0.17838923633098602,0.26523782217032243,31.878888445534514,0.873526394367218,0.09161893278360367,0.3455682098865509
2,Unrolled,1002035,1,0.8975620865821838,35.67497253417969,0.044954150915145874,0.1906961351633072,0.25265539747984833,31.01599034192803,0.951158344745636,0.09766991436481476,0.3662603199481964
2,Unrolled,1002035,2,0.8775333166122437,34.528324127197266,0.05188774690032005,0.1997748762369156,0.2331663115281248,28.871543372437174,1.053868055343628,0.10674998164176941,0.43282976746559143
2,Unrolled,1002035,3,0.843194842338562,33.97354507446289,0.05441805720329285,0.213457852602005,0.2180471731948799,30.112111080281736,1.2386293411254883,0.11662666499614716,0.5324944853782654
2,Unrolled,1002274,0,0.9484215378761292,34.338233947753906,0.07651247829198837,0.20563337206840515,0.26417160341432555,23.785518683676464,1.844117522239685,0.09871440380811691,0.3320663273334503
2,Unrolled,1002274,1,0.9420045018196106,34.814979553222656,0.07188788056373596,0.2160218209028244,0.2520186152112127,23.33191899423396,1.9995654821395874,0.10522571206092834,0.3655349016189575
2,Unrolled,1002274,2,0.9307346940040588,34.85009765625,0.07134106010198593,0.22421452403068542,0.23077500223631622,23.41818362833701,2.301377773284912,0.11326123774051666,0.4092036485671997
2,Unrolled,1002274,3,0.913811206817627,34.806304931640625,0.07135580480098724,0.23524317145347595,0.2142082605662876,23.486294986467826,2.759464740753174,0.12242414802312851,0.4848484396934509
2,Unrolled,1002351,0,0.9328081011772156,36.68000030517578,0.038233499974012375,0.2294449508190155,0.25656290743453075,30.074876030826545,1.0593862533569336,0.10031786561012268,0.3376161456108093
2,Unrolled,1002351,1,0.9253814220428467,35.011451721191406,0.046205829828977585,0.23889978229999542,0.24747132292131796,24.524862274647585,1.1528947353363037,0.10903473198413849,0.40164849162101746
2,Unrolled,1002351,2,0.915635883808136,34.534889221191406,0.04858404025435448,0.24287785589694977,0.23703258939536714,24.48626546016015,1.2704746723175049,0.11633141338825226,0.4308061897754669
2,Unrolled,1002351,3,0.9018415808677673,34.36637496948242,0.050236038863658905,0.24746616184711456,0.2267233417652893,24.107473882781903,1.4852125644683838,0.12210223078727722,0.4648277759552002
2,Unrolled,1002380,0,0.8053578734397888,31.477340698242188,0.11562346667051315,0.3897995054721832,0.19408647328045983,24.536501179582327,3.6577086448669434,0.14941243827342987,0.30003565549850464
2,Unrolled,1002380,1,0.7736026644706726,30.632221221923828,0.12551680207252502,0.4128151535987854,0.17299930295793503,23.7036444758133,4.110434055328369,0.16059710085391998,0.37286680936813354
2,Unrolled,1002380,2,0.7226133942604065,29.47162628173828,0.14354033768177032,0.4501357674598694,0.15306257471402915,22.127579171868057,5.159579277038574,0.1750563085079193,0.483726441860199
2,Unrolled,1002380,3,0.653948962688446,28.059606552124023,0.17007912695407867,0.5102893114089966,0.13301066619100388,19.755139128920106,6.833953857421875,0.20452700555324554,0.6713141202926636
2,Unrolled,1002382,0,0.95457923412323,40.809513092041016,0.03205520659685135,0.13061241805553436,0.2854216195684112,33.18984709824348,0.578431248664856,0.07537637650966644,0.25137439370155334
2,Unrolled,1002382,1,0.9346421957015991,37.077144622802734,0.048911843448877335,0.14280453324317932,0.2745410633453919,22.77742899808699,0.6623618006706238,0.08428756892681122,0.3951346278190613
2,Unrolled,1002382,2,0.9240152835845947,36.86530685424805,0.050258658826351166,0.14634673297405243,0.26078822374648297,22.701704905676486,0.6941114664077759,0.09077095240354538,0.43738988041877747
2,Unrolled,1002382,3,0.9070785641670227,36.48737716674805,0.052461832761764526,0.15263564884662628,0.24752747699706074,22.642143278342726,0.7425773739814758,0.09940754622220993,0.4814039468765259
2,Unrolled,1002412,0,0.8786321878433228,35.57284927368164,0.10463199019432068,0.2522089183330536,0.21521496732899098,26.169957837231745,3.0512542724609375,0.12108779698610306,0.2293233573436737
2,Unrolled,1002412,1,0.8575300574302673,34.976341247558594,0.1106315553188324,0.26102104783058167,0.20391448002139786,25.949593722686302,3.351194381713867,0.12977011501789093,0.261459082365036
2,Unrolled,1002412,2,0.821704626083374,33.84749984741211,0.12513120472431183,0.28245821595191956,0.18128076913022345,25.175112878959574,4.351474761962891,0.1439482569694519,0.3365882933139801
2,Unrolled,1002412,3,0.7710978388786316,32.46697235107422,0.1460820883512497,0.31401023268699646,0.16210875223683052,23.63906946506491,6.011545658111572,0.16594110429286957,0.47108936309814453
2,Unrolled,1002417,0,0.9166726469993591,34.000648498535156,0.05477440357208252,0.33769842982292175,0.20820376840727658,20.529968256346052,2.9700450897216797,0.15513451397418976,0.8836120367050171
2,Unrolled,1002417,1,0.9112021327018738,31.796546936035156,0.06980083137750626,0.3918668329715729,0.20431949587459552,17.47087938559747,3.106552839279175,0.16462703049182892,0.9337207078933716
2,Unrolled,1002417,2,0.9086222052574158,31.769296646118164,0.0699816644191742,0.3927754759788513,0.19873667583605636,17.47877031821971,3.101132869720459,0.1650354564189911,0.9403631091117859
2,Unrolled,1002417,3,0.9044871926307678,31.710874557495117,0.07079508900642395,0.39453914761543274,0.19386734464985944,17.424945020751867,3.1228108406066895,0.1707966923713684,0.950231671333313
2,Unrolled,1002451,0,0.8885116577148438,35.174556732177734,0.0812482088804245,0.26040127873420715,0.22453302715724638,25.76423272475769,2.340066432952881,0.12624183297157288,0.2871803343296051
2,Unrolled,1002451,1,0.8728567361831665,34.04194641113281,0.0917380079627037,0.27422812581062317,0.20676684845627555,21.692022013826275,2.675572156906128,0.1393839716911316,0.37924790382385254
2,Unrolled,1002451,2,0.8354895710945129,32.81201171875,0.10381525754928589,0.29659557342529297,0.18478172957434744,21.588784574245793,3.5190396308898926,0.15531854331493378,0.45352452993392944
2,Unrolled,1002451,3,0.7863091826438904,31.670337677001953,0.11888740956783295,0.3268054127693176,0.1666140794252365,20.926359502586067,4.772205352783203,0.18038219213485718,0.5333669781684875
2,Unrolled,1002515,0,0.8975420594215393,32.00346374511719,0.20180030167102814,0.31379756331443787,0.21883701363084904,14.826799911513628,2.9548139572143555,0.1391456425189972,0.4033096730709076
2,Unrolled,1002515,1,0.8905293941497803,32.209388732910156,0.19450873136520386,0.3357085883617401,0.20503131516833956,13.514033481843505,3.42720103263855,0.15034916996955872,0.44381141662597656
2,Unrolled,1002515,2,0.8699963688850403,31.671977996826172,0.20822109282016754,0.35352903604507446,0.1846898153882093,13.026070782062135,4.273980140686035,0.160427525639534,0.5041792392730713
2,Unrolled,1002515,3,0.8385518193244934,31.783828735351562,0.20042575895786285,0.3710974156856537,0.1669750764453934,13.2526871118944,5.2714996337890625,0.18114475905895233,0.5876117944717407
2,Unrolled,1002526,0,0.9628876447677612,40.53847885131836,0.04472021013498306,0.1663702130317688,0.2699748532268269,30.07696054461202,1.0351217985153198,0.0839599072933197,0.2896721363067627
2,Unrolled,1002526,1,0.9502981901168823,40.81910705566406,0.04292396456003189,0.17750848829746246,0.262071794697096,29.242060364837336,1.06960129737854,0.08901074528694153,0.36664149165153503
2,Unrolled,1002526,2,0.9407888054847717,39.54324722290039,0.050144635140895844,0.18469513952732086,0.24664899637837231,27.69603383129185,1.2273192405700684,0.09457308053970337,0.3940313756465912
2,Unrolled,1002526,3,0.924103319644928,39.31865310668945,0.051193442195653915,0.19415415823459625,0.22984155887045926,27.893418535927413,1.4649031162261963,0.1067974790930748,0.46870851516723633
2,Unrolled,1002538,0,0.8949031233787537,36.611122131347656,0.09526143223047256,0.28469187021255493,0.23608079477334695,25.950578707640712,2.955291748046875,0.13235116004943848,0.23719701170921326
2,Unrolled,1002538,1,0.8802933692932129,35.30308151245117,0.1094595268368721,0.31677135825157166,0.21344909498363476,21.74636780655062,3.2528183460235596,0.14825893938541412,0.28820011019706726
2,Unrolled,1002538,2,0.8492320775985718,34.50507354736328,0.12056417763233185,0.34395310282707214,0.18963542054548418,21.198661772792356,4.370580673217773,0.16314804553985596,0.38146427273750305
2,Unrolled,1002538,3,0.7998116612434387,33.04409408569336,0.14110614359378815,0.38204777240753174,0.16622304379572828,20.381127165533215,6.215647220611572,0.18223515152931213,0.5442012548446655
4,Unrolled,1000017,0,0.7192685008049011,29.654537200927734,0.18364323675632477,0.4373966157436371,0.14933946516102775,16.987379585758287,6.4830193519592285,0.2612781524658203,1.2197037935256958
4,Unrolled,1000017,1,0.6958479881286621,29.366073608398438,0.18656280636787415,0.4484253227710724,0.1381027532186112,16.28103420041064,6.82199764251709,0.2687269151210785,1.2781625986099243
4,Unrolled,1000017,2,0.6487460732460022,28.759735107421875,0.1976741999387741,0.4656708538532257,0.12844925176706767,16.046027288682524,7.787993431091309,0.27890145778656006,1.3827714920043945
4,Unrolled,1000017,3,0.5954731106758118,27.780380249023438,0.22430482506752014,0.4952424466609955,0.11729514640996501,14.79513699119643,9.247194290161133,0.2973429560661316,1.4913502931594849
4,Unrolled,1000026,0,0.6877533197402954,29.57940101623535,0.14569374918937683,0.47787463665008545,0.1632734516923536,20.862669746996254,7.0719895362854,0.2591051757335663,1.0298906564712524
4,Unrolled,1000026,1,0.6692892909049988,29.204696655273438,0.15171541273593903,0.4876802861690521,0.15354028499177141,20.31569432442116,7.4704179763793945,0.2658311128616333,1.0599256753921509
4,Unrolled,1000026,2,0.6321730017662048,28.636415481567383,0.16418521106243134,0.5045394897460938,0.14209679920100787,19.36644580902919,8.603184700012207,0.27753162384033203,1.188133716583252
4,Unrolled,1000026,3,0.5691868662834167,27.440813064575195,0.18395687639713287,0.5369532108306885,0.12923820057753665,18.956431524620893,10.429951667785645,0.28761744499206543,1.323492169380188
4,Unrolled,1000041,0,0.8604797124862671,32.35981750488281,0.07806410640478134,0.3256925046443939,0.20112899282123786,23.358836819048904,3.235954761505127,0.19062364101409912,1.004908561706543
4,Unrolled,1000041,1,0.8460985422134399,30.982952117919922,0.09155404567718506,0.3313593864440918,0.1958464787411958,18.5372089469841,3.6983532905578613,0.1959117352962494,1.0835691690444946
4,Unrolled,1000041,2,0.8376508951187134,30.951364517211914,0.0917750895023346,0.3328288197517395,0.19141240642094537,18.539683522566264,3.730930805206299,0.19879232347011566,1.118902325630188
4,Unrolled,1000041,3,0.8249933123588562,30.714649200439453,0.09469903260469437,0.3354208171367645,0.18767904260905022,18.377985098451283,3.8022217750549316,0.20327316224575043,1.1650701761245728
4,Unrolled,1000071,0,0.8448752760887146,29.631357192993164,0.13481786847114563,0.43507856130599976,0.1939983982707874,18.61879998598489,4.133435249328613,0.22404326498508453,1.2992682456970215
4,Unrolled,1000071,1,0.8318051099777222,29.870662689208984,0.1303004026412964,0.4401587247848511,0.1901560213439625,18.445303965181534,4.179511547088623,0.228059783577919,1.365415334701538
4,Unrolled,1000071,2,0.8191575407981873,29.741199493408203,0.1323353499174118,0.44415998458862305,0.18115280263875347,18.30433011662873,4.362944602966309,0.23399867117404938,1.3849962949752808
4,Unrolled,1000071,3,0.7976658344268799,29.906497955322266,0.12888392806053162,0.449457049369812,0.17335910221159354,18.429615207978387,4.737591743469238,0.23926550149917603,1.4464839696884155
4,Unrolled,1000107,0,0.833975613117218,29.780967712402344,0.0956820473074913,0.34329161047935486,0.1933257964972252,21.756267811072707,2.6853408813476562,0.2128961980342865,1.350141167640686
4,Unrolled,1000107,1,0.816801130771637,30.092687606811523,0.09170198440551758,0.3483407199382782,0.18772348977429154,21.772288011376585,2.7725908756256104,0.2173929661512375,1.377827763557434
4,Unrolled,1000107,2,0.7989717125892639,29.452510833740234,0.09949744492769241,0.3518829345703125,0.18078957545420443,21.032585824053687,2.87115478515625,0.22456812858581543,1.4383938312530518
4,Unrolled,1000107,3,0.7680869698524475,30.21324348449707,0.08961662650108337,0.35719844698905945,0.1737813168841406,21.94585668161066,3.0911998748779297,0.23433156311511993,1.5166659355163574
4,Unrolled,1000153,0,0.8021730184555054,31.393421173095703,0.09268191456794739,0.32846754789352417,0.1883933995879392,22.32834711340751,3.045447587966919,0.205807626247406,1.1425820589065552
4,Unrolled,1000153,1,0.7817376255989075,31.38657569885254,0.0917954295873642,0.3328821361064911,0.18318084008905489,22.06725810511837,3.07505464553833,0.21111345291137695,1.1815141439437866
4,Unrolled,1000153,2,0.7658669948577881,31.089763641357422,0.09531482309103012,0.3364484906196594,0.17647525846693188,21.777385463533975,3.205988645553589,0.215752512216568,1.2372984886169434
4,Unrolled,1000153,3,0.7385327219963074,30.562397003173828,0.10199585556983948,0.341383159160614,0.16879928738042316,21.23055851243683,3.427788496017456,0.22607065737247467,1.316267490386963
4,Unrolled,1000178,0,0.7382148504257202,30.973188400268555,0.14567147195339203,0.43412694334983826,0.16692730054691743,18.987669867052173,7.057373046875,0.26265326142311096,1.1482571363449097
4,Unrolled,1000178,1,0.7541248798370361,24.584453582763672,0.4020010530948639,0.5648245215415955,0.1577609463549433,8.533232681492125,7.329232692718506,0.26918137073516846,1.265279769897461
4,Unrolled,1000178,2,0.7298709154129028,24.87468910217285,0.3804391622543335,0.5625540614128113,0.14668572639566033,8.833223301391032,8.173407554626465,0.27804309129714966,1.3213070631027222
4,Unrolled,1000178,3,0.6922259330749512,24.72037124633789,0.3863067626953125,0.5823398232460022,0.13742813899072054,8.50759072640617,9.479318618774414,0.29291802644729614,1.4332606792449951
4,Unrolled,1000196,0,0.7528884410858154,27.939321517944336,0.15001672506332397,0.47414258122444153,0.1643917688860454,15.391597719638046,6.939166069030762,0.27709251642227173,1.6610080003738403
4,Unrolled,1000196,1,0.7487724423408508,24.36522674560547,0.2509354054927826,0.5132184624671936,0.1520138226956766,11.422712416013837,7.405322074890137,0.2853808104991913,1.7078090906143188
4,Unrolled,1000196,2,0.7153291702270508,24.28453826904297,0.2526635229587555,0.5273177623748779,0.1383065444083094,11.26288167833603,8.28189754486084,0.2929838001728058,1.7620466947555542
4,Unrolled,1000196,3,0.6672324538230896,24.174087524414062,0.2546282708644867,0.5451387763023376,0.1263643320215933,10.983021274319558,10.017522811889648,0.3103296756744385,1.9007776975631714
4,Unrolled,1000206,0,0.7601749300956726,31.3277587890625,0.12360774725675583,0.4569113552570343,0.1711269575934982,21.51776162446753,7.554722785949707,0.2549137473106384,1.1192818880081177
4,Unrolled,1000206,1,0.7441962957382202,31.017560958862305,0.12779869139194489,0.4630555808544159,0.16211845102065056,21.017865585744424,8.03233814239502,0.26099345088005066,1.1419074535369873
4,Unrolled,1000206,2,0.7141100764274597,30.493728637695312,0.13590794801712036,0.47242143750190735,0.15075732710403086,20.606212239469038,9.158169746398926,0.275350958108902,1.2069157361984253
4,Unrolled,1000206,3,0.6779099106788635,29.681241989135742,0.152369886636734,0.48831191658973694,0.14160089187730698,19.14392166604538,10.504892349243164,0.2826051712036133,1.329336404800415
4,Unrolled,1000264,0,0.8360453248023987,30.771692276000977,0.10927034169435501,0.5523335933685303,0.16707512172597805,18.820000387530513,4.962335109710693,0.24827781319618225,1.6896309852600098
4,Unrolled,1000264,1,0.8218631148338318,31.239168167114258,0.10236317664384842,0.5536463856697083,0.1647625188753121,18.90385934801931,5.076429843902588,0.2533532679080963,1.7238086462020874
4,Unrolled,1000264,2,0.8094978332519531,31.011680603027344,0.1052933782339096,0.5563126802444458,0.1588862751396963,18.725583724051887,5.347689628601074,0.25987231731414795,1.785344123840332
4,Unrolled,1000264,3,0.7860985398292542,31.261245727539062,0.1011308804154396,0.5582036375999451,0.15300231987312984,19.072279060413482,5.708652496337891,0.2705511748790741,1.8841404914855957
4,Unrolled,1000292,0,0.7159625291824341,31.085750579833984,0.16494756937026978,0.3884819447994232,0.15494484360578056,19.475251161087133,6.768540382385254,0.244343563914299,1.0942803621292114
4,Unrolled,1000292,1,0.6983716487884521,30.72797966003418,0.17044319212436676,0.3984793424606323,0.1453594649830788,18.763623747923997,6.883552551269531,0.24833352863788605,1.1432228088378906
4,Unrolled,1000292,2,0.6605639457702637,30.067461013793945,0.1826903074979782,0.41362035274505615,0.13300065612460618,18.4437886533713,7.764052391052246,0.26120734214782715,1.224143147468567
4,Unrolled,1000292,3,0.6178662180900574,29.209835052490234,0.2065744549036026,0.4395003914833069,0.12120852512562605,16.69760425755586,9.066998481750488,0.26876434683799744,1.3475234508514404
4,Unrolled,1000314,0,0.8572769165039062,32.900352478027344,0.07767517119646072,0.3852982223033905,0.1897576067345433,22.978887422618996,4.096334457397461,0.2359122931957245,1.2719628810882568
4,Unrolled,1000314,1,0.8484535813331604,30.735979080200195,0.10224174708127975,0.41236501932144165,0.18616906165189623,19.92169451804178,4.159638404846191,0.23735108971595764,1.3511028289794922
4,Unrolled,1000314,2,0.8370911478996277,30.840349197387695,0.10065468400716782,0.41548365354537964,0.1793511091789873,20.01132318011072,4.246825695037842,0.24266333878040314,1.380363941192627
4,Unrolled,1000314,3,0.8213597536087036,30.339872360229492,0.10733877122402191,0.41988545656204224,0.17268697720257242,19.51780318263176,4.492201805114746,0.24809464812278748,1.4552195072174072
4,Unrolled,1000323,0,0.8896405100822449,31.5052490234375,0.09510421752929688,0.413515567779541,0.18260969367603458,21.12075998354749,4.764157772064209,0.25777727365493774,1.5129435062408447
4,Unrolled,1000323,1,0.884214460849762,31.763383865356445,0.09183488041162491,0.4247381389141083,0.1793534951887218,20.872305799628013,4.85626220703125,0.2679310441017151,1.6164813041687012
4,Unrolled,1000323,2,0.874722957611084,31.6417236328125,0.09315492957830429,0.42865636944770813,0.1722613732817414,20.72563969599273,5.05270528793335,0.27001333236694336,1.685637354850769
4,Unrolled,1000323,3,0.8614107370376587,31.16195297241211,0.09894674271345139,0.4349719285964966,0.16418670552901327,20.269633303867337,5.3759942054748535,0.2803999185562134,1.7667831182479858
4,Unrolled,1000344,0,0.8293242454528809,30.744665145874023,0.2516634166240692,0.4709366261959076,0.16560878836497714,13.125114986169379,6.620902061462402,0.24922695755958557,1.0701813697814941
4,Unrolled,1000344,1,0.8186556696891785,30.8458309173584,0.24532338976860046,0.4930956959724426,0.15586268094837671,12.604167108307106,7.047502040863037,0.263469934463501,1.1271398067474365
4,Unrolled,1000344,2,0.7945469617843628,30.674358367919922,0.2491096556186676,0.5068656206130981,0.14159268669950675,12.34650878966153,7.9161200523376465,0.27188655734062195,1.2061139345169067
4,Unrolled,1000344,3,0.7603424191474915,30.151548385620117,0.26605960726737976,0.5274794697761536,0.13418693955026056,11.660026895194576,10.119905471801758,0.2816984951496124,1.3056037425994873
4,Unrolled,1000432,0,0.8023728728294373,27.554685592651367,0.13580657541751862,0.3640584349632263,0.18876096963017217,18.615729603293655,3.5860869884490967,0.21893376111984253,1.0672175884246826
4,Unrolled,1000432,1,0.7835764288902283,27.626955032348633,0.13445094227790833,0.37325459718704224,0.18268305038355614,17.976298185519127,3.71435546875,0.22716152667999268,1.103507161140442
4,Unrolled,1000432,2,0.7661743760108948,27.22219467163086,0.14181193709373474,0.37739238142967224,0.17551770789238694,17.495980774026034,3.8827109336853027,0.2332083284854889,1.1750372648239136
4,Unrolled,1000432,3,0.7342777848243713,27.529523849487305,0.135139599442482,0.3825317323207855,0.16631559974125265,17.847584178091044,4.152771949768066,0.24030794203281403,1.3252382278442383
4,Unrolled,1000464,0,0.8405722379684448,27.32755470275879,0.1274058222770691,0.5152893662452698,0.1829530405616588,16.642138716744206,5.89284610748291,0.29381150007247925,2.119419574737549
4,Unrolled,1000464,1,0.8544560670852661,30.53127670288086,0.09465254843235016,0.5308904051780701,0.18107069904569523,17.282645952645627,5.955733299255371,0.2922687828540802,2.0508599281311035
4,Unrolled,1000464,2,0.8496942520141602,30.448017120361328,0.09545120596885681,0.5321162343025208,0.17783452998043153,17.265862166282208,6.024763584136963,0.29372715950012207,2.0890274047851562
4,Unrolled,1000464,3,0.8420491218566895,30.251441955566406,0.09728215634822845,0.5330597162246704,0.17281600435025582,17.238345976969033,6.128286838531494,0.2978760600090027,2.113368511199951
4,Unrolled,1000538,0,0.7825070023536682,33.1622428894043,0.11818993836641312,0.44839146733283997,0.15602288401988967,21.17495582221888,6.220530033111572,0.2470542937517166,1.1871094703674316
4,Unrolled,1000538,1,0.7617688179016113,32.76978302001953,0.12206517159938812,0.45430833101272583,0.14887526471688364,20.96103498154193,6.4262871742248535,0.2518536150455475,1.2214045524597168
4,Unrolled,1000538,2,0.7271624803543091,32.0711555480957,0.1310703158378601,0.4652082026004791,0.1389338476116909,20.78302104855714,7.075177192687988,0.26388147473335266,1.3059698343276978
4,Unrolled,1000538,3,0.6821058988571167,31.25680923461914,0.14374420046806335,0.48505735397338867,0.13119868368803753,20.292936891805912,8.275653839111328,0.281848669052124,1.4871865510940552
4,Unrolled,1000591,0,0.8489621877670288,34.40784454345703,0.11929415911436081,0.3279663920402527,0.18737120747120703,21.15075959949388,5.660880088806152,0.23864717781543732,0.8783560991287231
4,Unrolled,1000591,1,0.8323612809181213,33.810829162597656,0.1261124163866043,0.3352964520454407,0.17837625175300464,18.541262684793665,5.934652805328369,0.2438909411430359,1.0027954578399658
4,Unrolled,1000591,2,0.8104720711708069,33.43940353393555,0.13140437006950378,0.3438574969768524,0.1662739186117057,18.382970485402403,6.1385178565979,0.2504280209541321,1.0673853158950806
4,Unrolled,1000591,3,0.778658926486969,32.75252914428711,0.14356407523155212,0.358251690864563,0.153925877988984,17.761745462462027,6.997888088226318,0.264060914516449,1.1770399808883667
4,Unrolled,1000697,0,0.9081305265426636,37.43117904663086,0.052797820419073105,0.3300608992576599,0.2070526603397528,27.586854783680998,2.1436893939971924,0.19164401292800903,1.0127716064453125
4,Unrolled,1000697,1,0.8894381523132324,37.104736328125,0.05441531166434288,0.33133190870285034,0.2053164174229404,27.218792082622272,2.144719123840332,0.1922842413187027,1.1049871444702148
4,Unrolled,1000697,2,0.8829125761985779,37.071250915527344,0.05485263466835022,0.3323054611682892,0.2008738288802141,27.14439385533986,2.1726319789886475,0.19520309567451477,1.1488368511199951
4,Unrolled,1000697,3,0.8711203932762146,36.8223991394043,0.05636972561478615,0.3350222408771515,0.1964401902505159,27.126752512407364,2.2149319648742676,0.2024809718132019,1.2122557163238525
4,Unrolled,1000735,0,0.8271400332450867,31.511531829833984,0.09067431092262268,0.424419105052948,0.18739929016341245,21.5357946347377,3.673323154449463,0.23156654834747314,1.1865508556365967
4,Unrolled,1000735,1,0.8164831399917603,31.656253814697266,0.08871673047542572,0.42453160881996155,0.18743371651474333,21.527680431295423,3.6741280555725098,0.23426243662834167,1.1853960752487183
4,Unrolled,1000735,2,0.8164830803871155,31.656253814697266,0.08871670067310333,0.42453160881996155,0.18743371601698036,21.527682015428745,3.6741280555725098,0.2342624068260193,1.1853961944580078
4,Unrolled,1000735,3,0.8164833188056946,31.65625,0.08871673792600632,0.42453157901763916,0.1874337119850707,21.527681956941937,3.6741280555725098,0.23426243662834167,1.1853958368301392
4,Unrolled,1000759,0,0.841002345085144,31.688976287841797,0.07671462744474411,0.3124436140060425,0.2041046255431154,22.03210178404111,2.859095335006714,0.19978918135166168,1.1758038997650146
4,Unrolled,1000759,1,0.8169323205947876,31.667484283447266,0.07693731784820557,0.31441864371299744,0.19943860918189918,21.30814077114531,2.9299111366271973,0.20273715257644653,1.2468750476837158
4,Unrolled,1000759,2,0.8053769469261169,31.4008731842041,0.07970727235078812,0.31592220067977905,0.19344626247645033,21.121374457643665,2.984548568725586,0.2080581784248352,1.2948284149169922
4,Unrolled,1000759,3,0.7846136093139648,31.2711238861084,0.08074229210615158,0.3190641403198242,0.18750580762247596,21.07058221362877,3.026637315750122,0.2131006419658661,1.3445887565612793
4,Unrolled,1000769,0,0.8521788120269775,32.55438995361328,0.07501088827848434,0.32132449746131897,0.2060838084020542,21.99287355313494,3.0183939933776855,0.20535561442375183,1.1993095874786377
4,Unrolled,1000769,1,0.8310729265213013,32.537200927734375,0.0745602548122406,0.3243114650249481,0.20023194610080486,21.25305482303654,3.065107583999634,0.2070247381925583,1.2690378427505493
4,Unrolled,1000769,2,0.817888617515564,32.41313552856445,0.07558497786521912,0.3260093331336975,0.19331757343202102,21.206681283204638,3.095871925354004,0.21328099071979523,1.3195720911026
4,Unrolled,1000769,3,0.7977873682975769,32.240631103515625,0.07687079161405563,0.32897719740867615,0.18560665415491634,21.131709430529007,3.134664297103882,0.21900586783885956,1.3685492277145386
4,Unrolled,1000891,0,0.7995317578315735,27.772171020507812,0.15761002898216248,0.3728088438510895,0.18622950737873473,16.768051502518574,3.002711772918701,0.2295025736093521,1.0053126811981201
4,Unrolled,1000891,1,0.776830792427063,27.917985916137695,0.1536397933959961,0.3796594440937042,0.18130450239002915,15.966681254097217,3.1515309810638428,0.23586025834083557,1.0513622760772705
4,Unrolled,1000891,2,0.7551844716072083,28.19654083251953,0.1471971720457077,0.38182955980300903,0.17368910988892344,16.235589186289545,3.289402723312378,0.24515753984451294,1.1051287651062012
4,Unrolled,1000891,3,0.7264615297317505,27.874469757080078,0.15304376184940338,0.3894326388835907,0.16500008854099013,15.92175544767584,3.6249804496765137,0.255418598651886,1.172634482383728
4,Unrolled,1000899,0,0.8615766167640686,34.413753509521484,0.11947111040353775,0.47936901450157166,0.1663570288518165,14.72540749807198,7.272047519683838,0.27332761883735657,1.3746367692947388
4,Unrolled,1000899,1,0.8534899950027466,33.876548767089844,0.12559238076210022,0.5001113414764404,0.15632995359571314,13.954429935782809,7.476909637451172,0.2831878066062927,1.4569900035858154
4,Unrolled,1000899,2,0.8317540884017944,33.389076232910156,0.13124826550483704,0.5081292390823364,0.143760574374407,13.912124004294387,8.08067512512207,0.29170528054237366,1.5765457153320312
4,Unrolled,1000899,3,0.8055210113525391,32.99478530883789,0.13936156034469604,0.520587146282196,0.1334125578048577,13.629525614386221,9.330147743225098,0.30696946382522583,1.6888540983200073
4,Unrolled,1001064,0,0.864514172077179,30.34459114074707,0.10763198882341385,0.2951362133026123,0.19897215385635678,20.191277011404075,2.682065963745117,0.197239950299263,1.02529776096344
4,Unrolled,1001064,1,0.853203535079956,30.32938003540039,0.10704576969146729,0.30439940094947815,0.19329999955675647,18.95850584343573,2.76399564743042,0.20620939135551453,1.0953700542449951
4,Unrolled,1001064,2,0.8433378338813782,30.135738372802734,0.1097390204668045,0.30589941143989563,0.18801805516133668,18.787202073773393,2.788221597671509,0.21134400367736816,1.123932123184204
4,Unrolled,1001064,3,0.8283767700195312,29.80828857421875,0.11448056995868683,0.3079923093318939,0.18012285767235478,18.51486819295618,2.798628330230713,0.21771381795406342,1.1756682395935059
4,Unrolled,1001090,0,0.7980249524116516,32.57933044433594,0.10987666249275208,0.31960785388946533,0.18585683533978362,23.71595731389464,5.657254219055176,0.2227117270231247,1.0176414251327515
4,Unrolled,1001090,1,0.7774471640586853,32.137081146240234,0.11503089964389801,0.324154794216156,0.17547331208188935,23.499400104351782,5.909229755401611,0.2312537431716919,1.0662140846252441
4,Unrolled,1001090,2,0.7441486716270447,31.414804458618164,0.12400601804256439,0.3330900967121124,0.16325079588642255,23.240301053534523,6.280362129211426,0.24061337113380432,1.161125659942627
4,Unrolled,1001090,3,0.6969389915466309,30.502429962158203,0.13647492229938507,0.34695327281951904,0.15323471277600115,22.95125744702634,7.213120937347412,0.2615160346031189,1.3476107120513916
4,Unrolled,1001096,0,0.7918439507484436,29.521028518676758,0.1048407331109047,0.42420220375061035,0.18232235013339185,20.718975941268244,3.247756242752075,0.23748552799224854,1.431632399559021
4,Unrolled,1001096,1,0.775968074798584,29.690853118896484,0.1024574562907219,0.4277836084365845,0.17838664912336583,20.652762252253186,3.3431358337402344,0.2443363219499588,1.478516936302185
4,Unrolled,1001096,2,0.7611730098724365,29.157655715942383,0.10994415730237961,0.4306871294975281,0.17390347783999574,20.026434385568418,3.481891632080078,0.24947741627693176,1.5323251485824585
4,Unrolled,1001096,3,0.7365893125534058,28.82760238647461,0.11444034427404404,0.43736571073532104,0.16516312448041415,19.677668178454514,3.816967010498047,0.2571316361427307,1.6082115173339844
4,Unrolled,1001104,0,0.7678135633468628,30.279930114746094,0.08131620287895203,0.3552945852279663,0.18627617402016955,22.135018707248424,2.4337687492370605,0.20567798614501953,0.9712402820587158
4,Unrolled,1001104,1,0.7460609078407288,29.77115821838379,0.08666829019784927,0.3619994819164276,0.17926971411018144,20.979596962745696,2.5625624656677246,0.21302229166030884,1.0437544584274292
4,Unrolled,1001104,2,0.7177923321723938,29.615991592407227,0.08773066848516464,0.36716577410697937,0.17021122040267447,21.00875379088435,2.645777702331543,0.22242331504821777,1.1176691055297852
4,Unrolled,1001104,3,0.6811270713806152,29.22174835205078,0.09134891629219055,0.37472376227378845,0.16151974007581887,20.85031732680678,2.8623454570770264,0.23569831252098083,1.2675096988677979
4,Unrolled,1001119,0,0.7771055698394775,25.771194458007812,0.2557632625102997,0.47009944915771484,0.1688613168641411,13.15946158810716,6.185929298400879,0.23306860029697418,1.100752592086792
4,Unrolled,1001119,1,0.7644395232200623,25.810775756835938,0.25331854820251465,0.4839494824409485,0.15573563937559384,12.919722535967384,6.4615478515625,0.24152013659477234,1.1871111392974854
4,Unrolled,1001119,2,0.7279594540596008,25.816448211669922,0.25131651759147644,0.5005545616149902,0.14133812268133172,12.821381372019784,7.408954620361328,0.2507149279117584,1.2841308116912842
4,Unrolled,1001119,3,0.6769460439682007,25.765531539916992,0.2503107190132141,0.5260764360427856,0.1288241835729691,12.647832187966568,8.975293159484863,0.2679593563079834,1.4337711334228516
4,Unrolled,1001140,0,0.7868549823760986,32.815467834472656,0.13496331870555878,0.4303535521030426,0.1754123190592369,20.50497051262374,6.186332702636719,0.24494032561779022,1.1061244010925293
4,Unrolled,1001140,1,0.7704910039901733,32.23772430419922,0.14354397356510162,0.44200602173805237,0.16576722213664724,18.931365358768918,6.575030326843262,0.25527822971343994,1.2026842832565308
4,Unrolled,1001140,2,0.7372141480445862,31.628185272216797,0.1530797779560089,0.4545362889766693,0.15387047141755059,18.68539621425326,7.6481614112854,0.26552239060401917,1.3225300312042236
4,Unrolled,1001140,3,0.6897729635238647,30.810897827148438,0.16753560304641724,0.47246116399765015,0.14111077097150043,18.244840701826952,9.323111534118652,0.28410604596138,1.4384280443191528
4,Unrolled,1001144,0,0.7674056887626648,29.714580535888672,0.1344185471534729,0.4024442434310913,0.17962572545006095,19.141462168623626,5.443068504333496,0.23564405739307404,0.9953943490982056
4,Unrolled,1001144,1,0.7504273653030396,29.783241271972656,0.13191205263137817,0.41048264503479004,0.16799599252144032,18.461243569891543,5.7826457023620605,0.24295863509178162,1.0646178722381592
4,Unrolled,1001144,2,0.7192825078964233,29.195268630981445,0.14195650815963745,0.4237585663795471,0.1556505012071227,17.835633604314754,6.733510494232178,0.2495153248310089,1.1512508392333984
4,Unrolled,1001144,3,0.676852822303772,28.44806671142578,0.15564680099487305,0.4454851448535919,0.1439654204473485,16.970747616991744,8.024909973144531,0.2638208270072937,1.2823081016540527
4,Unrolled,1001159,0,0.6782340407371521,26.71832847595215,0.28917941451072693,0.5515889525413513,0.13462632996523693,12.197236053902786,9.012361526489258,0.2615005373954773,0.9737251996994019
4,Unrolled,1001159,1,0.6671497225761414,26.911216735839844,0.27985331416130066,0.5610102415084839,0.1266551440799389,12.192645687277855,8.628433227539062,0.2649068832397461,1.024845004081726
4,Unrolled,1001159,2,0.6280400156974792,26.731189727783203,0.2819770872592926,0.5804267525672913,0.11638278833632767,12.139843774090576,9.886232376098633,0.26978784799575806,1.1189197301864624
4,Unrolled,1001159,3,0.5575773119926453,26.663591384887695,0.26948121190071106,0.602953314781189,0.10662156935811282,12.877711946741307,11.23436164855957,0.28440263867378235,1.250415563583374
4,Unrolled,1001168,0,0.7719292044639587,28.35076141357422,0.11862455308437347,0.3700997531414032,0.17041301459414882,18.765953329023684,2.6407642364501953,0.21340149641036987,1.2101563215255737
4,Unrolled,1001168,1,0.7413631677627563,28.451845169067383,0.11641083657741547,0.37586697936058044,0.16557149884961278,18.476868417303713,2.754812717437744,0.21937869489192963,1.2594594955444336
4,Unrolled,1001168,2,0.7161660194396973,28.266265869140625,0.11883118003606796,0.38088709115982056,0.15848042545597044,18.34157194261942,2.9292869567871094,0.22757898271083832,1.3616751432418823
4,Unrolled,1001168,3,0.6799628734588623,28.04714012145996,0.12152058631181717,0.3892667293548584,0.15092968172979818,18.2573393711466,3.1975491046905518,0.23881112039089203,1.4662781953811646
4,Unrolled,1001170,0,0.8683133721351624,32.615386962890625,0.08428647369146347,0.32060012221336365,0.20425732736365548,22.63725564780743,2.5067198276519775,0.18048951029777527,1.0259724855422974
4,Unrolled,1001170,1,0.8477782607078552,32.81940460205078,0.08166282624006271,0.32416781783103943,0.20123070242291746,22.32651835371081,2.569653034210205,0.18305984139442444,1.1574289798736572
4,Unrolled,1001170,2,0.8347294330596924,32.86206817626953,0.08093852549791336,0.3259522318840027,0.1965162408829323,22.391995163385637,2.5963244438171387,0.186882883310318,1.1736326217651367
4,Unrolled,1001170,3,0.8218289613723755,32.114925384521484,0.08953923732042313,0.32699820399284363,0.1905299724022296,21.667460375970762,2.647771120071411,0.19581228494644165,1.2193623781204224
4,Unrolled,1001184,0,0.8933243155479431,34.7640266418457,0.07677500694990158,0.3690989315509796,0.20923387320767994,23.337420282525784,3.665771007537842,0.20633211731910706,1.1704554557800293
4,Unrolled,1001184,1,0.8796470165252686,34.51792907714844,0.07842850685119629,0.3741263449192047,0.20618063366522824,22.070418980222094,3.7828221321105957,0.21120165288448334,1.3523201942443848
4,Unrolled,1001184,2,0.8730484247207642,34.510616302490234,0.07814051955938339,0.3751891553401947,0.201987772238185,22.11880723044715,3.7917544841766357,0.21285700798034668,1.3732094764709473
4,Unrolled,1001184,3,0.863146960735321,34.392948150634766,0.07901901006698608,0.37798240780830383,0.1971616673059156,22.080833846371362,3.880444288253784,0.21671569347381592,1.3958085775375366
4,Unrolled,1001275,0,0.6817590594291687,27.81827163696289,0.21565081179141998,0.48634466528892517,0.1475809343333703,15.066239503208738,7.552406311035156,0.2582855820655823,1.157440423965454
4,Unrolled,1001275,1,0.663056492805481,27.638132095336914,0.21881705522537231,0.49856311082839966,0.13937660243575303,14.577563355730527,7.797963619232178,0.26827073097229004,1.1941498517990112
4,Unrolled,1001275,2,0.6310945749282837,26.807605743408203,0.24671655893325806,0.5186247229576111,0.13053371545975523,13.35318413118291,8.747747421264648,0.2749336361885071,1.2713202238082886
4,Unrolled,1001275,3,0.5651562213897705,26.487537384033203,0.24544908106327057,0.5383776426315308,0.11925136122595557,13.763340089793887,9.927611351013184,0.29107749462127686,1.4027466773986816
4,Unrolled,1001381,0,0.8958818912506104,34.99628448486328,0.07348769158124924,0.36972776055336,0.19566562950779304,24.39091085429525,4.423930644989014,0.22552353143692017,1.2796813249588013
4,Unrolled,1001381,1,0.8826093673706055,35.25160217285156,0.0708216056227684,0.37188521027565,0.19282251329934738,24.326708069585447,4.482241153717041,0.2264542281627655,1.3779290914535522
4,Unrolled,1001381,2,0.8761615753173828,35.076045989990234,0.07244779169559479,0.3723689317703247,0.18884936518670717,24.192847153223205,4.541641712188721,0.2304437756538391,1.398733377456665
4,Unrolled,1001381,3,0.8661746382713318,34.80250549316406,0.0750453770160675,0.3732666075229645,0.1831437573800824,24.008328970273464,4.597865581512451,0.23310337960720062,1.4463194608688354
4,Unrolled,1001651,0,0.7754100561141968,32.758758544921875,0.10113183408975601,0.34097176790237427,0.1791846833011103,24.351938348955336,6.4183855056762695,0.23727357387542725,0.9669493436813354
4,Unrolled,1001651,1,0.7559744119644165,32.281089782714844,0.10696647316217422,0.3488224744796753,0.17140311024135285,23.083802408717084,6.742015838623047,0.2461758255958557,1.0319299697875977
4,Unrolled,1001651,2,0.7258134484291077,31.6412353515625,0.11419102549552917,0.3595188856124878,0.1613661833831287,22.884392517613964,7.365609169006348,0.2529473304748535,1.110906720161438
4,Unrolled,1001651,3,0.6933588981628418,31.14191436767578,0.12372318655252457,0.37314295768737793,0.15001353358936861,21.74469470594066,8.031316757202148,0.264398992061615,1.2126555442810059
4,Unrolled,1001655,0,0.8554946184158325,30.09731674194336,0.16944313049316406,0.38444647192955017,0.18507572806072986,17.195221708602777,6.264948844909668,0.21926374733448029,1.1889973878860474
4,Unrolled,1001655,1,0.843511164188385,30.343008041381836,0.16244032979011536,0.39275091886520386,0.17710760412060592,16.800482079979176,6.450277805328369,0.2237774133682251,1.2746233940124512
4,Unrolled,1001655,2,0.8266787528991699,29.774913787841797,0.17544344067573547,0.3996323347091675,0.16539856337835462,16.11544229996657,6.957898139953613,0.23533640801906586,1.3299936056137085
4,Unrolled,1001655,3,0.7974199056625366,29.884334564208984,0.171312615275383,0.4071112871170044,0.15558273585385504,16.252033396438964,7.569066047668457,0.24718521535396576,1.427611231803894
4,Unrolled,1001687,0,0.8172779679298401,27.837047576904297,0.12710238993167877,0.39207032322883606,0.20173336387727406,19.538426589773184,4.194053649902344,0.226541206240654,1.3261147737503052
4,Unrolled,1001687,1,0.8029230833053589,28.37677001953125,0.1180388554930687,0.3959142863750458,0.19697660212213974,19.821787157233626,4.250235557556152,0.2328726351261139,1.367409110069275
4,Unrolled,1001687,2,0.789740264415741,27.959897994995117,0.12464437633752823,0.3986036479473114,0.18871549603953952,19.262428234047647,4.316176414489746,0.2365851253271103,1.413079857826233
4,Unrolled,1001687,3,0.7662545442581177,28.048288345336914,0.12274935096502304,0.4041881561279297,0.1812278506845233,19.314133904205363,4.522292137145996,0.24348457157611847,1.4544658660888672
4,Unrolled,1001759,0,0.8409000039100647,31.99646759033203,0.07244983315467834,0.33828455209732056,0.20065018926752157,23.18230777984442,2.501615524291992,0.19274161756038666,0.9462313652038574
4,Unrolled,1001759,1,0.8248178958892822,31.86458396911621,0.07323518395423889,0.34247544407844543,0.19496259460502724,22.468306735255943,2.6231398582458496,0.19491443037986755,0.9528387784957886
4,Unrolled,1001759,2,0.8119050860404968,31.77890396118164,0.07375964522361755,0.34431955218315125,0.18972670876928258,22.492844415512625,2.673314094543457,0.19885456562042236,0.9933652877807617
4,Unrolled,1001759,3,0.7926651239395142,31.608814239501953,0.07483416050672531,0.34770676493644714,0.18534599153727374,22.487900348387384,2.749418258666992,0.20681887865066528,1.0700126886367798
4,Unrolled,1001763,0,0.8712143898010254,32.03528594970703,0.0833061933517456,0.39801332354545593,0.187419421519342,22.99625226865384,4.566603660583496,0.2298586070537567,1.3165643215179443
4,Unrolled,1001763,1,0.8669958710670471,32.35295104980469,0.07978573441505432,0.39957594871520996,0.18517100377101017,23.02107794373918,4.544626712799072,0.23026546835899353,1.3348133563995361
4,Unrolled,1001763,2,0.8619199395179749,32.252525329589844,0.08077424019575119,0.40082797408103943,0.1819154999124748,22.925652566579636,4.657718181610107,0.23407498002052307,1.3638575077056885
4,Unrolled,1001763,3,0.8545658588409424,32.144630432128906,0.08180267363786697,0.40248361229896545,0.17954025837257642,22.8492998398495,4.721687316894531,0.23765099048614502,1.3971264362335205
4,Unrolled,1001798,0,0.7089027762413025,30.810760498046875,0.16989858448505402,0.42788374423980713,0.15439694296402903,19.463676612744298,6.983541011810303,0.24035440385341644,1.1251866817474365
4,Unrolled,1001798,1,0.6839925050735474,30.330486297607422,0.17681390047073364,0.4391297996044159,0.14507657486803774,19.079286932431984,7.438406467437744,0.24488241970539093,1.1738189458847046
4,Unrolled,1001798,2,0.6538187861442566,29.806777954101562,0.19159534573554993,0.45388808846473694,0.1334494517410395,18.068416069569537,8.202871322631836,0.25340408086776733,1.249157190322876
4,Unrolled,1001798,3,0.5869231820106506,28.549842834472656,0.21167176961898804,0.4784453511238098,0.1212829855362054,18.293352185704045,9.599802017211914,0.26964569091796875,1.445268154144287
4,Unrolled,1001850,0,0.8241525888442993,34.272804260253906,0.12184225767850876,0.36230626702308655,0.16944717850785762,20.557789529939043,5.826972007751465,0.25290441513061523,1.231360912322998
4,Unrolled,1001850,1,0.8090552091598511,33.26701736450195,0.13463684916496277,0.37819766998291016,0.16060733159436721,18.008173590775385,6.122751712799072,0.26094502210617065,1.3348331451416016
4,Unrolled,1001850,2,0.7824450731277466,32.77430725097656,0.14413395524024963,0.38711389899253845,0.15064750523405124,17.56715882427128,6.7368483543396,0.2733088433742523,1.4181756973266602
4,Unrolled,1001850,3,0.7355838418006897,31.976774215698242,0.157322958111763,0.4061133861541748,0.14106850916305427,17.241571477251888,7.829041957855225,0.28865817189216614,1.6257121562957764
4,Unrolled,1001851,0,0.795921802520752,32.207923889160156,0.11955402791500092,0.3237256109714508,0.1848767317424128,21.95934640209613,5.875185012817383,0.21697871387004852,1.0151560306549072
4,Unrolled,1001851,1,0.7808160185813904,31.799623489379883,0.12485986202955246,0.3322916626930237,0.17696925592649915,20.52375121802221,6.1070170402526855,0.2251453995704651,1.0590788125991821
4,Unrolled,1001851,2,0.7448418140411377,31.24747085571289,0.1325666457414627,0.3419833779335022,0.16572843114718452,20.30697565969458,6.849946022033691,0.23620207607746124,1.146055817604065
4,Unrolled,1001851,3,0.6939501762390137,30.382415771484375,0.14652536809444427,0.35945817828178406,0.15282436238413064,19.697387582076363,8.047083854675293,0.2521117925643921,1.256165623664856
4,Unrolled,1001938,0,0.7508120536804199,30.81802749633789,0.12270504236221313,0.4996654987335205,0.15648968047897527,19.505900067537688,7.084733486175537,0.26740145683288574,1.4662121534347534
4,Unrolled,1001938,1,0.7369569540023804,30.482379913330078,0.12602369487285614,0.506481409072876,0.14854769628872383,19.230314775409198,7.416917324066162,0.2778698205947876,1.5144027471542358
4,Unrolled,1001938,2,0.7071738243103027,30.05960464477539,0.13307948410511017,0.5157173275947571,0.1383212798593164,18.89113514699931,8.157556533813477,0.28382471203804016,1.5131648778915405
4,Unrolled,1001938,3,0.6670493483543396,29.410398483276367,0.14477162063121796,0.5293580889701843,0.13026986057291884,18.16789094549011,9.360774040222168,0.2954323887825012,1.6355953216552734
4,Unrolled,1001959,0,0.7457320094108582,30.416152954101562,0.1423882246017456,0.4858006536960602,0.16089181836457164,19.359202162075675,6.488691806793213,0.25600573420524597,1.2863740921020508
4,Unrolled,1001959,1,0.7306283116340637,30.07791519165039,0.14718587696552277,0.4893658757209778,0.15393834913668517,19.116772216879873,6.758753299713135,0.2609107196331024,1.3364479541778564
4,Unrolled,1001959,2,0.6939330697059631,29.232328414916992,0.1593024581670761,0.5002750754356384,0.1417939503103509,18.941341325973735,7.692144870758057,0.2731958031654358,1.4300274848937988
4,Unrolled,1001959,3,0.6490381360054016,28.41104507446289,0.17322194576263428,0.5153008699417114,0.13425466033980926,18.706914226837796,9.076261520385742,0.2873430550098419,1.5168272256851196
4,Unrolled,1001995,0,0.7970547676086426,24.247379302978516,0.22827550768852234,0.39134469628334045,0.1777621624375696,13.819542312722938,4.014349937438965,0.22718341648578644,1.2260186672210693
4,Unrolled,1001995,1,0.7819908261299133,24.41909408569336,0.2224806249141693,0.3929734230041504,0.17491724090181252,13.773501664968036,4.089566230773926,0.2319052666425705,1.2616795301437378
4,Unrolled,1001995,2,0.7641727924346924,24.14529800415039,0.23113323748111725,0.3986610770225525,0.1661928678407295,13.3586590488361,4.202732086181641,0.23475715517997742,1.2954959869384766
4,Unrolled,1001995,3,0.7388875484466553,24.287321090698242,0.22571179270744324,0.40132251381874084,0.16042766031747738,13.462363850667955,4.470372200012207,0.24544784426689148,1.377049207687378
4,Unrolled,1001997,0,0.6938664317131042,29.518396377563477,0.17314545810222626,0.5052258968353271,0.15002817225589934,17.367290140164886,6.465237617492676,0.2631497085094452,1.117429256439209
4,Unrolled,1001997,1,0.6737571358680725,29.319873809814453,0.17504264414310455,0.5138826370239258,0.1408332815522138,17.06564859929832,6.74862003326416,0.2678399384021759,1.1800684928894043
4,Unrolled,1001997,2,0.6214942932128906,28.550838470458984,0.18603160977363586,0.5349276065826416,0.12884118917588883,17.12237363713767,7.552664279937744,0.28028833866119385,1.2812213897705078
4,Unrolled,1001997,3,0.5638942122459412,27.573488235473633,0.207272469997406,0.564388632774353,0.11629571274161292,16.340401951011074,8.884603500366211,0.2925638258457184,1.4060182571411133
4,Unrolled,1002007,0,0.7899766564369202,30.074607849121094,0.14218661189079285,0.4363454282283783,0.18325929766398846,18.74031243090958,5.2683000564575195,0.2307954579591751,1.0566518306732178
4,Unrolled,1002007,1,0.7916208505630493,30.278343200683594,0.13824264705181122,0.4388325810432434,0.17956353329324284,18.35353048506786,5.281243801116943,0.23387806117534637,1.0930089950561523
4,Unrolled,1002007,2,0.7916207909584045,30.278343200683594,0.1382426619529724,0.4388326406478882,0.17956353533631988,18.35353118411118,5.281243801116943,0.23387806117534637,1.0930087566375732
4,Unrolled,1002007,3,0.7916207909584045,30.278343200683594,0.1382426619529724,0.438832551240921,0.17956353152801324,18.353530640344864,5.28124475479126,0.23387804627418518,1.0930087566375732
4,Unrolled,1002035,0,0.7943225502967834,31.71734619140625,0.0714341551065445,0.3498094379901886,0.19663222456662732,25.477707832199286,3.104296922683716,0.2203948199748993,1.4133186340332031
4,Unrolled,1002035,1,0.775510311126709,31.456344604492188,0.07382053136825562,0.3544081449508667,0.19136351619542044,24.98653784580275,3.1767284870147705,0.22401103377342224,1.4267983436584473
4,Unrolled,1002035,2,0.7534233331680298,31.172344207763672,0.07558838278055191,0.3595021069049835,0.1836291302043335,25.080562494004756,3.2790138721466064,0.2295529842376709,1.5173238515853882
4,Unrolled,1002035,3,0.7292585968971252,30.622798919677734,0.0820305198431015,0.3645768463611603,0.17375299380578246,24.146308172158083,3.4857773780822754,0.23663508892059326,1.6164929866790771
4,Unrolled,1002274,0,0.8631780743598938,27.674659729003906,0.16478240489959717,0.4245985746383667,0.1943238104887486,16.821001325028785,5.914493083953857,0.2372514009475708,1.4741004705429077
4,Unrolled,1002274,1,0.8580513596534729,27.76041030883789,0.16272848844528198,0.4300660789012909,0.18762397725022648,16.508071458062055,6.06601619720459,0.24112001061439514,1.524010419845581
4,Unrolled,1002274,2,0.8469170928001404,28.26723289489746,0.15160425007343292,0.4327496290206909,0.1798639623547532,17.008887860213807,6.429849147796631,0.24646198749542236,1.5509968996047974
4,Unrolled,1002274,3,0.8305121064186096,28.286575317382812,0.15084372460842133,0.4401993155479431,0.16914186942865556,16.974765222375677,6.731835842132568,0.25189027190208435,1.6410595178604126
4,Unrolled,1002351,0,0.8187323808670044,30.59564971923828,0.07703030854463577,0.46833017468452454,0.18209320517128,21.2214803659743,4.569407939910889,0.24962231516838074,1.6101231575012207
4,Unrolled,1002351,1,0.8106026649475098,30.19634246826172,0.0801827535033226,0.473198801279068,0.17755770393898873,19.83102577912088,4.650041580200195,0.25720325112342834,1.659293293952942
4,Unrolled,1002351,2,0.8021568655967712,30.096036911010742,0.08097326010465622,0.4747663736343384,0.17200849641217023,19.816751981215166,4.715468406677246,0.2606632113456726,1.6625052690505981
4,Unrolled,1002351,3,0.7892062067985535,29.91888999938965,0.0830625668168068,0.4777485728263855,0.16795956545485524,19.725493321402812,4.984487056732178,0.26784560084342957,1.7190604209899902
4,Unrolled,1002380,0,0.656650722026825,25.317506790161133,0.2349836528301239,0.5795502066612244,0.14869636038295922,13.8167447881839,7.708418846130371,0.2658218741416931,1.206605076789856
4,Unrolled,1002380,1,0.6357088685035706,25.289501190185547,0.23517774045467377,0.5931135416030884,0.137058335136765,13.4221756277555,8.14496898651123,0.2682915925979614,1.2737982273101807
4,Unrolled,1002380,2,0.5970778465270996,24.403915405273438,0.26629385352134705,0.6231282353401184,0.12389408372752286,12.084941263309716,9.531835556030273,0.2782554626464844,1.436158299446106
4,Unrolled,1002380,3,0.5284112691879272,24.866535186767578,0.23660025000572205,0.6425706744194031,0.11363282566651488,13.414143554794771,11.28644847869873,0.2998029291629791,1.5721790790557861
4,Unrolled,1002382,0,0.8840602040290833,33.00321960449219,0.07874323427677155,0.2673075199127197,0.21007794343491729,23.55706131360398,2.271833896636963,0.18036991357803345,0.8732565641403198
4,Unrolled,1002382,1,0.8594857454299927,32.673397064208984,0.08087190240621567,0.273723840713501,0.20547043893012593,20.381576674201106,2.3190252780914307,0.18770140409469604,1.0328317880630493
4,Unrolled,1002382,2,0.8482563495635986,32.394203186035156,0.083837129175663,0.2759321630001068,0.20277631660526993,20.204318582519072,2.3413076400756836,0.19286824762821198,1.0742442607879639
4,Unrolled,1002382,3,0.8304404616355896,32.52495574951172,0.0820535272359848,0.2786387503147125,0.19399929087816378,20.33898920083903,2.4099512100219727,0.20297324657440186,1.1354358196258545
4,Unrolled,1002412,0,0.7654733061790466,31.787206649780273,0.16178809106349945,0.43141457438468933,0.16206851557830185,19.35221894694709,7.245517730712891,0.2383148968219757,1.1761962175369263
4,Unrolled,1002412,1,0.7448168992996216,31.623931884765625,0.16320012509822845,0.4361530840396881,0.15799677589001315,19.299219317961914,7.595168113708496,0.24441607296466827,1.2022836208343506
4,Unrolled,1002412,2,0.7168000340461731,31.10285758972168,0.1742696464061737,0.4440566301345825,0.14632636611453628,18.645269530865633,8.316492080688477,0.254197895526886,1.2535715103149414
4,Unrolled,1002412,3,0.6668841242790222,30.318248748779297,0.1869836449623108,0.46274980902671814,0.13550176143665935,18.570075408087842,9.766048431396484,0.2714378535747528,1.379279613494873
4,Unrolled,1002417,0,0.7587236762046814,20.21172523498535,0.2679315507411957,0.667653501033783,0.15435617292500056,10.428245735379269,7.932366371154785,0.3295529782772064,2.5326356887817383
4,Unrolled,1002417,1,0.7524815201759338,19.742149353027344,0.27938196063041687,0.704628050327301,0.15171720390231688,9.949388161457726,7.960737705230713,0.3366849422454834,2.5603580474853516
4,Unrolled,1002417,2,0.7505102753639221,19.78195571899414,0.27849945425987244,0.7046415209770203,0.1488256036215285,9.963275793926474,7.980450630187988,0.33910101652145386,2.5758724212646484
4,Unrolled,1002417,3,0.7458541989326477,19.75135612487793,0.27921056747436523,0.7051581144332886,0.14810872416058685,9.959521033200586,8.022615432739258,0.34122270345687866,2.5952322483062744
4,Unrolled,1002451,0,0.7716597318649292,28.859603881835938,0.168097585439682,0.4610196352005005,0.15648226873652335,15.957797155254518,6.490450859069824,0.2637213468551636,1.4919626712799072
4,Unrolled,1002451,1,0.7580010890960693,29.036575317382812,0.16188746690750122,0.4678516089916229,0.1491677184744869,15.500578277917988,6.841750144958496,0.26958370208740234,1.6001474857330322
4,Unrolled,1002451,2,0.7276425957679749,28.574031829833984,0.17148272693157196,0.4797179400920868,0.1382748630744565,15.023527868201825,7.683911323547363,0.2806633412837982,1.6282979249954224
4,Unrolled,1002451,3,0.682106614112854,28.311866760253906,0.17426198720932007,0.4951554536819458,0.12695625732845042,14.90656564701977,8.808147430419922,0.2897767126560211,1.6872384548187256
4,Unrolled,1002515,0,0.7184832096099854,22.02706527709961,0.6364169120788574,0.6666978001594543,0.15356313788302242,4.685285640156719,7.335282802581787,0.2869262099266052,1.6258138418197632
4,Unrolled,1002515,1,0.717799186706543,22.22271728515625,0.614333987236023,0.678593099117279,0.14598923124347385,4.363348753112368,7.769721031188965,0.2915962040424347,1.668442726135254
4,Unrolled,1002515,2,0.7039611339569092,22.255939483642578,0.6079697608947754,0.6835256814956665,0.13619690564279968,4.3329901119019425,8.544238090515137,0.3002721965312958,1.743173599243164
4,Unrolled,1002515,3,0.6817967891693115,22.256555557250977,0.6039115190505981,0.6895274519920349,0.12769179088692406,4.165881956912434,9.806497573852539,0.3090972900390625,1.79273521900177
4,Unrolled,1002526,0,0.9054129719734192,30.717945098876953,0.13852573931217194,0.3563019037246704,0.20023137255038942,19.224728736968608,4.298123836517334,0.20799875259399414,1.3072104454040527
4,Unrolled,1002526,1,0.8915608525276184,31.212390899658203,0.12953494489192963,0.3622268736362457,0.1961181264958241,19.30657774382444,4.322735786437988,0.21133239567279816,1.3703631162643433
4,Unrolled,1002526,2,0.8809898495674133,31.22715950012207,0.1291278451681137,0.3647962212562561,0.18821414886931626,19.293900863429936,4.473584175109863,0.2151453197002411,1.413013219833374
4,Unrolled,1002526,3,0.8636193871498108,31.022502899169922,0.13242928683757782,0.3706211745738983,0.1831533270557465,19.007459753250085,4.699903964996338,0.22357922792434692,1.5136122703552246
4,Unrolled,1002538,0,0.8027411103248596,33.196044921875,0.14114676415920258,0.45177963376045227,0.17792219206694815,19.177237812504547,6.988230228424072,0.2784689664840698,1.3477096557617188
4,Unrolled,1002538,1,0.7898014187812805,32.531105041503906,0.15094920992851257,0.46881136298179626,0.16653699076287426,17.909733147103317,7.340210914611816,0.28785020112991333,1.3900684118270874
4,Unrolled,1002538,2,0.758994460105896,31.977340698242188,0.1604967564344406,0.4851478338241577,0.15210329013592172,17.73383780540305,8.54748249053955,0.29318493604660034,1.484412431716919
4,Unrolled,1002538,3,0.7095680236816406,30.81221580505371,0.18001973628997803,0.5084704756736755,0.14016090358940939,17.292511231778356,10.145028114318848,0.31185632944107056,1.6394497156143188
6,Unrolled,1000017,0,0.6355031132698059,27.73727798461914,0.2290012091398239,0.6189382672309875,0.12872370352267937,13.048512305393613,10.675505638122559,0.3555769920349121,2.405475378036499
6,Unrolled,1000017,1,0.6153026819229126,27.52762794494629,0.2321646511554718,0.6251161694526672,0.12151572203054599,12.652951202233284,10.995346069335938,0.3643152415752411,2.5005078315734863
6,Unrolled,1000017,2,0.5695065259933472,27.14577865600586,0.2383268028497696,0.635590672492981,0.11153155367867876,12.62504465516351,11.80906867980957,0.37662336230278015,2.610544443130493
6,Unrolled,1000017,3,0.5135112404823303,26.500965118408203,0.25277671217918396,0.6518164277076721,0.10396758290494794,12.43100119149376,12.85546588897705,0.38644295930862427,2.79600191116333
6,Unrolled,1000026,0,0.6064757704734802,27.66506576538086,0.18161745369434357,0.6504698991775513,0.1416325178954592,15.526783687610045,10.912615776062012,0.35722893476486206,2.1892178058624268
6,Unrolled,1000026,1,0.5917666554450989,27.449024200439453,0.1864538937807083,0.655534029006958,0.13395111290122957,15.219891681095103,11.245768547058105,0.36369460821151733,2.195606231689453
6,Unrolled,1000026,2,0.5465903878211975,26.93065643310547,0.19415292143821716,0.6654166579246521,0.12711858971795725,15.276616362052547,12.360241889953613,0.37371373176574707,2.2857141494750977
6,Unrolled,1000026,3,0.5080047249794006,26.203197479248047,0.21941354870796204,0.6847916841506958,0.11470029729392262,13.871517364114364,13.914999008178711,0.38471925258636475,2.3840982913970947
6,Unrolled,1000041,0,0.7698649764060974,28.659515380859375,0.11952711641788483,0.5947721004486084,0.16488554444054535,16.225682775233835,7.0030975341796875,0.29729047417640686,2.1249911785125732
6,Unrolled,1000041,1,0.7543501257896423,28.10042953491211,0.12721075117588043,0.596652090549469,0.15976787306212653,14.86944338959339,7.433011531829834,0.30075743794441223,2.1851181983947754
6,Unrolled,1000041,2,0.7452723383903503,28.07497787475586,0.12745900452136993,0.5971277952194214,0.15800393357736792,14.85895481259234,7.452178001403809,0.30640271306037903,2.219538927078247
6,Unrolled,1000041,3,0.7326481938362122,28.01651382446289,0.1282655894756317,0.5981868505477905,0.15412977404631636,14.832148218002034,7.562216758728027,0.31002336740493774,2.2871673107147217
6,Unrolled,1000071,0,0.7594276666641235,24.28706932067871,0.24943757057189941,0.6916632056236267,0.16172609462998058,12.412874361224002,8.833005905151367,0.3416525423526764,2.6259684562683105
6,Unrolled,1000071,1,0.7466191649436951,24.36693000793457,0.24631832540035248,0.6947287321090698,0.15868111899277476,12.2479030165727,8.92758560180664,0.343595951795578,2.692620277404785
6,Unrolled,1000071,2,0.7339255809783936,24.341737747192383,0.24697692692279816,0.6967825293540955,0.15245915210821276,12.197450332289971,9.0267915725708,0.3479599952697754,2.708038568496704
6,Unrolled,1000071,3,0.7147003412246704,24.26471519470215,0.2494121938943863,0.6993447542190552,0.14766201762533074,12.045035524542666,9.280299186706543,0.3547458052635193,2.7840662002563477
6,Unrolled,1000107,0,0.7526167631149292,26.831457138061523,0.13437114655971527,0.5975370407104492,0.15712346030563012,16.671752127199305,7.910548210144043,0.3159601390361786,2.3313803672790527
6,Unrolled,1000107,1,0.7347122430801392,26.96550750732422,0.13170671463012695,0.5986728668212891,0.15466824686010594,16.629971177030622,7.944192409515381,0.31908875703811646,2.3562943935394287
6,Unrolled,1000107,2,0.7177230715751648,26.765003204345703,0.13525955379009247,0.6001048684120178,0.15092565689829188,16.48605176008519,8.048666000366211,0.32498636841773987,2.4287185668945312
6,Unrolled,1000107,3,0.6897812485694885,26.77522850036621,0.13456414639949799,0.6034573912620544,0.14475660140672442,16.47004391280278,8.232076644897461,0.335668683052063,2.5466527938842773
6,Unrolled,1000153,0,0.6953507661819458,27.55111312866211,0.14424818754196167,0.6113773584365845,0.15553721277808003,14.749018792546087,8.470744132995605,0.302021324634552,2.3177356719970703
6,Unrolled,1000153,1,0.675287127494812,27.505352020263672,0.1440463662147522,0.6130300760269165,0.15214441943453308,14.696916683547297,8.498559951782227,0.3054038882255554,2.3472156524658203
6,Unrolled,1000153,2,0.6523383259773254,27.36018943786621,0.14416682720184326,0.6155214309692383,0.14811372549598548,14.690197764459956,8.486275672912598,0.3144485354423523,2.423657178878784
6,Unrolled,1000153,3,0.6309788823127747,27.25889015197754,0.14790768921375275,0.6163586378097534,0.14244056962642399,14.61273576361232,8.605612754821777,0.32162994146347046,2.4555091857910156
6,Unrolled,1000178,0,0.6685966849327087,28.489990234375,0.1938806176185608,0.6016380786895752,0.14362687301914331,14.283750114620497,11.16944694519043,0.3568646311759949,1.9843955039978027
6,Unrolled,1000178,1,0.6973527073860168,23.35921287536621,0.4609117805957794,0.6942389011383057,0.1374011811246647,7.189122858244225,11.329065322875977,0.35156095027923584,1.9638357162475586
6,Unrolled,1000178,2,0.6723778247833252,23.3614444732666,0.4581755995750427,0.7008496522903442,0.12819978276257757,7.126117101803278,11.918972969055176,0.3614402115345001,2.0052249431610107
6,Unrolled,1000178,3,0.6391186714172363,22.902149200439453,0.49401646852493286,0.7223240733146667,0.12101687000607834,6.351697358317874,13.078268051147461,0.3700984716415405,2.1185827255249023
6,Unrolled,1000196,0,0.6788075566291809,26.8765926361084,0.16954153776168823,0.6940721869468689,0.14584035680431154,12.221527392776254,11.503335952758789,0.3757973909378052,2.509237051010132
6,Unrolled,1000196,1,0.6856594681739807,24.25644874572754,0.254689484834671,0.7137013077735901,0.13574737512615795,9.867171591746075,11.789497375488281,0.3801511824131012,2.4644901752471924
6,Unrolled,1000196,2,0.6531655788421631,24.1886043548584,0.25597211718559265,0.7192738056182861,0.12436156579177039,9.758857955606858,12.643383979797363,0.3860976994037628,2.5021281242370605
6,Unrolled,1000196,3,0.6052926778793335,24.245525360107422,0.25110673904418945,0.7309084534645081,0.1132156285071581,9.731937313680072,14.17388916015625,0.4024781286716461,2.575991630554199
6,Unrolled,1000206,0,0.6637874245643616,27.535917282104492,0.19126595556735992,0.6964759826660156,0.14850290443853878,15.169025043916754,11.330111503601074,0.37386274337768555,2.3237879276275635
6,Unrolled,1000206,1,0.6477171778678894,27.32457733154297,0.19528253376483917,0.6994403004646301,0.14212816063755304,15.12902231821098,11.685583114624023,0.3811764121055603,2.340359926223755
6,Unrolled,1000206,2,0.6238651275634766,27.365978240966797,0.1962050497531891,0.703239917755127,0.13260403591637226,15.178544527629615,12.475309371948242,0.38821229338645935,2.3752386569976807
6,Unrolled,1000206,3,0.5826334357261658,26.96847152709961,0.2048560082912445,0.7097253203392029,0.12309250089498784,15.137038549356802,13.522013664245605,0.4042350649833679,2.475830554962158
6,Unrolled,1000264,0,0.7862449884414673,25.825878143310547,0.19310474395751953,0.6841108202934265,0.14783378407522788,14.498314967492714,8.742898941040039,0.321992427110672,2.2126307487487793
6,Unrolled,1000264,1,0.7728505730628967,26.10204315185547,0.1855495125055313,0.6842266321182251,0.14586563191393334,14.467118305716575,8.852991104125977,0.3254271447658539,2.244115114212036
6,Unrolled,1000264,2,0.760109007358551,26.07510757446289,0.18602514266967773,0.6862011551856995,0.14283690571177385,14.398937457640873,9.1294527053833,0.3320761024951935,2.2894556522369385
6,Unrolled,1000264,3,0.7410399913787842,25.88564682006836,0.19072990119457245,0.6891130208969116,0.1365299009054065,14.18503076315794,9.435625076293945,0.3423861265182495,2.3983659744262695
6,Unrolled,1000292,0,0.6439805626869202,28.259965896606445,0.22836792469024658,0.5626140236854553,0.13550761403007283,13.665637252143483,10.043660163879395,0.3159191608428955,1.8655881881713867
6,Unrolled,1000292,1,0.6280292868614197,28.185880661010742,0.22787097096443176,0.5682187676429749,0.12974357293872335,13.445826639822414,10.279449462890625,0.32052144408226013,1.903761625289917
6,Unrolled,1000292,2,0.5944790840148926,27.8060302734375,0.23806805908679962,0.5775931477546692,0.11993457460171801,13.139266092817074,10.63029956817627,0.3319593667984009,1.9714939594268799
6,Unrolled,1000292,3,0.5488989949226379,27.19348907470703,0.25658875703811646,0.5917909145355225,0.1091632850488945,12.60784720136719,11.522787094116211,0.34424450993537903,2.0246851444244385
6,Unrolled,1000314,0,0.783961296081543,30.906299591064453,0.09772031009197235,0.61786288022995,0.15961969501198545,18.35809415656879,8.775836944580078,0.3463267683982849,2.5105230808258057
6,Unrolled,1000314,1,0.7776873111724854,30.683731079101562,0.10283368080854416,0.6343908309936523,0.15822129070053112,17.733613690320468,8.801737785339355,0.344495564699173,2.571340799331665
6,Unrolled,1000314,2,0.7673805952072144,30.605239868164062,0.10410163551568985,0.63526451587677,0.15386445467418378,17.69246064254116,8.941577911376953,0.3506360650062561,2.608191967010498
6,Unrolled,1000314,3,0.7529627084732056,30.464670181274414,0.106284499168396,0.636548638343811,0.14900557747329987,17.607243702466228,9.145588874816895,0.3604189157485962,2.6510963439941406
6,Unrolled,1000323,0,0.8270109295845032,27.313411712646484,0.15409612655639648,0.6368781924247742,0.15647224443487714,16.262357161675318,9.107019424438477,0.3731288015842438,2.553837299346924
6,Unrolled,1000323,1,0.8229345083236694,27.54908561706543,0.14907608926296234,0.6446021795272827,0.1538235351717543,16.200793251972797,9.231328964233398,0.3783199191093445,2.6426281929016113
6,Unrolled,1000323,2,0.8152431845664978,27.18686294555664,0.15660513937473297,0.6454966068267822,0.14814200491201301,15.884086449021744,9.308344841003418,0.3827762305736542,2.690721273422241
6,Unrolled,1000323,3,0.8025431632995605,26.558128356933594,0.1706884503364563,0.6486484408378601,0.14296783805704422,15.317550409341345,9.679429054260254,0.38907894492149353,2.7685282230377197
6,Unrolled,1000344,0,0.7604010105133057,26.688425064086914,0.40145063400268555,0.6689295768737793,0.13974221973095666,8.71000656245468,10.830074310302734,0.34670358896255493,2.0245633125305176
6,Unrolled,1000344,1,0.7512919306755066,26.919954299926758,0.38367393612861633,0.6836554408073425,0.1328557611678956,8.619529352056635,11.139506340026855,0.3549397885799408,2.053544521331787
6,Unrolled,1000344,2,0.7295519113540649,26.78814125061035,0.38970571756362915,0.6928777694702148,0.12321863653164122,8.338368503669873,11.891807556152344,0.36333662271499634,2.109361410140991
6,Unrolled,1000344,3,0.6942353248596191,26.97066307067871,0.37302953004837036,0.6960476636886597,0.11431619539036651,8.479303618588538,13.153950691223145,0.37623533606529236,2.2002148628234863
6,Unrolled,1000432,0,0.6950923800468445,26.20771598815918,0.15858761966228485,0.6307903528213501,0.15287699197625404,13.813457619870022,7.78922176361084,0.32860052585601807,2.118514060974121
6,Unrolled,1000432,1,0.6767369508743286,26.177913665771484,0.1591455638408661,0.6340962648391724,0.1489443138870723,13.598091939299998,7.921297550201416,0.3346126675605774,2.147490978240967
6,Unrolled,1000432,2,0.6559441685676575,26.17999839782715,0.15788519382476807,0.6362518668174744,0.1441566731851481,13.590588498531355,7.99017333984375,0.3441163897514343,2.2273058891296387
6,Unrolled,1000432,3,0.620293378829956,26.20347785949707,0.1529986560344696,0.6409123539924622,0.13795249592598158,13.686992672896565,8.23063850402832,0.3543183207511902,2.415855884552002
6,Unrolled,1000464,0,0.7642460465431213,23.902782440185547,0.188985213637352,0.7376457452774048,0.15983472643146726,12.976810178635832,11.492448806762695,0.40351438522338867,3.312500476837158
6,Unrolled,1000464,1,0.7845434546470642,26.44233512878418,0.1515016108751297,0.7504312992095947,0.15925208382673472,13.463730146884469,11.57185173034668,0.3999551236629486,3.2284247875213623
6,Unrolled,1000464,2,0.779305636882782,26.358219146728516,0.1526775062084198,0.7503814697265625,0.15783357475999338,13.459252710309945,11.612150192260742,0.40385162830352783,3.2336440086364746
6,Unrolled,1000464,3,0.7718475461006165,26.24887466430664,0.15425322949886322,0.7506725192070007,0.15495171437184316,13.435782965225547,11.694241523742676,0.40493810176849365,3.2956619262695312
6,Unrolled,1000538,0,0.7220236659049988,27.305910110473633,0.2319515198469162,0.6461073756217957,0.13224521435081757,12.946214156607079,10.947208404541016,0.3336561322212219,2.227813243865967
6,Unrolled,1000538,1,0.7039472460746765,27.452238082885742,0.22585967183113098,0.6498231887817383,0.12698383128864393,12.876631064968404,11.261247634887695,0.3384834825992584,2.2701289653778076
6,Unrolled,1000538,2,0.6741584539413452,27.223594665527344,0.23211057484149933,0.6558475494384766,0.1215182752495588,12.661395219864769,11.943620681762695,0.3488895893096924,2.3422865867614746
6,Unrolled,1000538,3,0.6334083080291748,26.941740036010742,0.23940275609493256,0.6651874780654907,0.11441634956326774,12.400875518551544,12.560628890991211,0.36302638053894043,2.5029828548431396
6,Unrolled,1000591,0,0.7834390997886658,30.994577407836914,0.17671877145767212,0.576292097568512,0.1601348044307687,14.735138651123883,10.843174934387207,0.33366063237190247,1.8319162130355835
6,Unrolled,1000591,1,0.7648597359657288,30.81935691833496,0.1772567629814148,0.5799036622047424,0.1521471258853307,13.998897911176865,11.129493713378906,0.3410611152648926,1.9503777027130127
6,Unrolled,1000591,2,0.7436900734901428,30.625259399414062,0.18136215209960938,0.5832371115684509,0.1422790798585335,13.911806639307366,11.39525318145752,0.346041738986969,2.0416512489318848
6,Unrolled,1000591,3,0.7125052213668823,30.303852081298828,0.18819491565227509,0.5904791355133057,0.13452820475455127,13.735762425260233,11.859289169311523,0.3637644648551941,2.1790919303894043
6,Unrolled,1000697,0,0.8497366309165955,32.928619384765625,0.08866331726312637,0.5777186155319214,0.17197533928726624,20.168918643507695,5.883144378662109,0.2775018513202667,1.771838903427124
6,Unrolled,1000697,1,0.8288646340370178,32.65121841430664,0.09089981764554977,0.5786114931106567,0.17142012018328018,20.09164945786425,5.8664469718933105,0.27912208437919617,1.8638198375701904
6,Unrolled,1000697,2,0.8202396631240845,32.494834899902344,0.09227682650089264,0.5789989233016968,0.1682924972682103,20.048153956178837,5.9413862228393555,0.2825893759727478,1.8994662761688232
6,Unrolled,1000697,3,0.8096916675567627,32.46290588378906,0.09271799027919769,0.5802054405212402,0.1653225937241843,20.064160659949096,5.958128452301025,0.28984200954437256,1.9636491537094116
6,Unrolled,1000735,0,0.7482655048370361,29.056934356689453,0.12028570473194122,0.6387044191360474,0.15969291340621777,16.52837393383261,8.684707641601562,0.3268507421016693,2.150134563446045
6,Unrolled,1000735,1,0.7361132502555847,29.02397918701172,0.12012108415365219,0.6381673216819763,0.15979322471831986,16.533275482890687,8.674787521362305,0.32710325717926025,2.1451079845428467
6,Unrolled,1000735,2,0.7361131906509399,29.02397918701172,0.120121069252491,0.6381673216819763,0.15979322825004807,16.533275512619525,8.674787521362305,0.32710325717926025,2.145108222961426
6,Unrolled,1000735,3,0.736113429069519,29.02397918701172,0.12012108415365219,0.6381673216819763,0.1597932239596125,16.533275448088357,8.674787521362305,0.32710328698158264,2.1451077461242676
6,Unrolled,1000759,0,0.7335019707679749,25.12974739074707,0.16324488818645477,0.6738710403442383,0.1590405358806483,11.914999197242416,7.236155033111572,0.31091248989105225,2.3518424034118652
6,Unrolled,1000759,1,0.7095260620117188,25.271509170532227,0.16026096045970917,0.6746028661727905,0.1562217122408964,11.802677901350286,7.289437770843506,0.31229346990585327,2.4114673137664795
6,Unrolled,1000759,2,0.6983223557472229,25.067420959472656,0.1655624657869339,0.6748737692832947,0.1529146338206745,11.731887446111715,7.324223518371582,0.31617921590805054,2.4425501823425293
6,Unrolled,1000759,3,0.6806313395500183,24.999210357666016,0.16704590618610382,0.675607442855835,0.1485230506905181,11.695480183435434,7.373790740966797,0.3226737976074219,2.5290489196777344
6,Unrolled,1000769,0,0.7542401552200317,22.640657424926758,0.23486106097698212,0.6784294843673706,0.1562610732130456,11.011393989635657,7.7968854904174805,0.3087191581726074,2.29416823387146
6,Unrolled,1000769,1,0.7370032072067261,22.744701385498047,0.23114514350891113,0.6789731383323669,0.15183301990133968,10.852961189899798,7.873956203460693,0.3103960156440735,2.342258930206299
6,Unrolled,1000769,2,0.7232572436332703,22.973325729370117,0.2230813056230545,0.6790129542350769,0.14946086963760002,10.955426356143034,7.885383605957031,0.3159594237804413,2.377014398574829
6,Unrolled,1000769,3,0.7091464996337891,22.494731903076172,0.2398783415555954,0.6803454160690308,0.14464811453227372,10.676892538316125,7.868344306945801,0.321914941072464,2.4342663288116455
6,Unrolled,1000891,0,0.7021409869194031,21.623126983642578,0.3199160397052765,0.6205119490623474,0.14458734901350842,9.95678469168554,7.192698001861572,0.3269810080528259,2.4386892318725586
6,Unrolled,1000891,1,0.6818050742149353,21.678482055664062,0.31646502017974854,0.6239173412322998,0.14217351177580353,9.63091781932561,7.328099250793457,0.3314160108566284,2.4575419425964355
6,Unrolled,1000891,2,0.6648492217063904,21.471027374267578,0.3266480267047882,0.6271990537643433,0.13798988224560893,9.388067785933707,7.3959503173828125,0.340013712644577,2.486610174179077
6,Unrolled,1000891,3,0.6365277171134949,21.557605743408203,0.3212085962295532,0.6288464665412903,0.13208739479273982,9.411006585601019,7.474338531494141,0.34813371300697327,2.5384676456451416
6,Unrolled,1000899,0,0.7986840009689331,30.75943374633789,0.18196120858192444,0.6930792331695557,0.14410050930932428,10.321031241028425,11.592803955078125,0.3822278678417206,2.161802053451538
6,Unrolled,1000899,1,0.7912494540214539,30.769861221313477,0.17845715582370758,0.7122200131416321,0.13737993442506927,10.014423918766497,11.832132339477539,0.3896635174751282,2.2076802253723145
6,Unrolled,1000899,2,0.772071897983551,30.60610580444336,0.18134358525276184,0.71573805809021,0.1297873858252325,10.000546973621255,12.327814102172852,0.3994029760360718,2.321086883544922
6,Unrolled,1000899,3,0.7468336820602417,30.326583862304688,0.18765614926815033,0.7213320732116699,0.12059142735339883,9.907379674836982,13.138644218444824,0.4078821539878845,2.3787808418273926
6,Unrolled,1001064,0,0.7744476795196533,25.364465713500977,0.1909623146057129,0.5822648406028748,0.16051279923852857,12.975449386039084,7.650770664215088,0.29840540885925293,2.1640167236328125
6,Unrolled,1001064,1,0.7638289332389832,25.337846755981445,0.19092188775539398,0.5866197943687439,0.15684454663123998,12.544102346897255,7.731884002685547,0.3061700463294983,2.220546007156372
6,Unrolled,1001064,2,0.7531299591064453,25.39686393737793,0.18898062407970428,0.5875330567359924,0.1526634380296347,12.566959508487745,7.806530952453613,0.3114611804485321,2.2570996284484863
6,Unrolled,1001064,3,0.7391837239265442,25.126243591308594,0.1968081146478653,0.58852219581604,0.14741168166108212,12.381517600505749,7.7259979248046875,0.31910496950149536,2.301266670227051
6,Unrolled,1001090,0,0.7006851434707642,27.297557830810547,0.2018337994813919,0.6422170996665955,0.15994026629795755,13.90958917217846,11.325448989868164,0.31768274307250977,2.2791335582733154
6,Unrolled,1001090,1,0.6786482930183411,27.00714111328125,0.20667234063148499,0.6443294882774353,0.15159651474130303,13.860914527041004,11.560463905334473,0.3239360451698303,2.298126459121704
6,Unrolled,1001090,2,0.6569221615791321,27.328018188476562,0.20308680832386017,0.6449047923088074,0.14198713133759855,13.991264974797492,11.878008842468262,0.3352964222431183,2.364352226257324
6,Unrolled,1001090,3,0.6163874864578247,27.095020294189453,0.2085825502872467,0.6477377414703369,0.13634722209943287,13.972830416071872,12.410438537597656,0.34547293186187744,2.4679317474365234
6,Unrolled,1001096,0,0.7035199403762817,24.77410888671875,0.1810823231935501,0.6549010276794434,0.154458998390616,14.684574189074308,7.034527778625488,0.33376240730285645,2.4118752479553223
6,Unrolled,1001096,1,0.6874220967292786,25.069469451904297,0.1739487648010254,0.6567142605781555,0.15141947214573795,14.781405229255913,7.1268815994262695,0.3389021158218384,2.4752824306488037
6,Unrolled,1001096,2,0.6742269396781921,24.673194885253906,0.18411971628665924,0.6586469411849976,0.147946956162887,14.42593993248902,7.251059055328369,0.34423816204071045,2.5180158615112305
6,Unrolled,1001096,3,0.6503556966781616,24.668672561645508,0.18368999660015106,0.6594915390014648,0.1430388584296075,14.40369272358361,7.473938941955566,0.35101574659347534,2.5845248699188232
6,Unrolled,1001104,0,0.6643842458724976,27.017133712768555,0.11839050054550171,0.6317037343978882,0.15361452836592698,15.032180000856075,7.0106096267700195,0.3106350600719452,2.2669405937194824
6,Unrolled,1001104,1,0.6399640440940857,26.822830200195312,0.120409294962883,0.634255051612854,0.14832575960255906,14.883528129542258,7.147064208984375,0.321794331073761,2.329805612564087
6,Unrolled,1001104,2,0.6194174289703369,26.74809455871582,0.12227600812911987,0.6357254981994629,0.1438128153339025,14.83927803680935,7.155882835388184,0.3262013792991638,2.423353672027588
6,Unrolled,1001104,3,0.5859719514846802,26.521984100341797,0.12603893876075745,0.638965368270874,0.13705366300956903,14.766137346659484,7.336099147796631,0.3395073413848877,2.53551983833313
6,Unrolled,1001119,0,0.6976474523544312,21.215694427490234,0.4321287274360657,0.6642761826515198,0.14891860336934534,8.447572444670989,9.918327331542969,0.33749350905418396,2.3026602268218994
6,Unrolled,1001119,1,0.6857696175575256,21.42205238342285,0.41629987955093384,0.670594334602356,0.13889218319811833,8.528040757184895,10.009377479553223,0.34594765305519104,2.372924566268921
6,Unrolled,1001119,2,0.6533195972442627,21.55617904663086,0.4051705598831177,0.6766580939292908,0.12746640709048307,8.58855903420293,10.780489921569824,0.35562700033187866,2.446753740310669
6,Unrolled,1001119,3,0.6074901223182678,21.536869049072266,0.4035060405731201,0.69047611951828,0.11404083554099062,8.401032979856042,11.77286434173584,0.3654646873474121,2.616560459136963
6,Unrolled,1001140,0,0.7089743614196777,30.309146881103516,0.1801074743270874,0.6305590867996216,0.150248859387914,15.332247756765408,9.691876411437988,0.36001676321029663,2.167813777923584
6,Unrolled,1001140,1,0.68927001953125,29.76186752319336,0.18883024156093597,0.637742280960083,0.1433668184304585,14.838445192164095,10.108896255493164,0.3684921860694885,2.262248992919922
6,Unrolled,1001140,2,0.665816605091095,29.724346160888672,0.1928199827671051,0.6415797472000122,0.13440601647626368,14.703158761143694,10.974045753479004,0.37319377064704895,2.3255836963653564
6,Unrolled,1001140,3,0.6254459023475647,29.30929183959961,0.20289039611816406,0.6492592096328735,0.12338801087571553,14.53015532269593,12.182680130004883,0.3899456858634949,2.42423152923584
6,Unrolled,1001144,0,0.6911767721176147,28.96405792236328,0.14654983580112457,0.6000995635986328,0.15297562776600845,16.816201576312494,10.272638320922852,0.33429664373397827,1.9687426090240479
6,Unrolled,1001144,1,0.6722338199615479,28.94544792175293,0.14476338028907776,0.6046335101127625,0.1457076858178166,16.43289617118945,10.455609321594238,0.339912086725235,2.04545259475708
6,Unrolled,1001144,2,0.6445029973983765,28.487958908081055,0.15393953025341034,0.6111378073692322,0.13647334455953733,16.021099707433894,11.238901138305664,0.35301777720451355,2.1173601150512695
6,Unrolled,1001144,3,0.6000436544418335,28.11647605895996,0.15949887037277222,0.6200641989707947,0.12973946827126845,15.906520757737837,11.875078201293945,0.3651200532913208,2.2315940856933594
6,Unrolled,1001159,0,0.59847092628479,22.70733070373535,0.4588991403579712,0.7151426076889038,0.11718001106443768,7.769218874181089,12.35786247253418,0.34504497051239014,1.8292396068572998
6,Unrolled,1001159,1,0.5913805365562439,22.95624542236328,0.4391670823097229,0.7176962494850159,0.11144183754727847,7.899266378648141,12.173722267150879,0.3463318347930908,1.8767906427383423
6,Unrolled,1001159,2,0.5558006167411804,22.924884796142578,0.43555936217308044,0.7271677851676941,0.10353324258990564,7.836914475678469,12.990449905395508,0.3564106225967407,1.9255719184875488
6,Unrolled,1001159,3,0.5051760077476501,22.71395492553711,0.44198083877563477,0.7484102249145508,0.09550753965430112,7.559013524199204,14.212989807128906,0.3675633370876312,2.127291440963745
6,Unrolled,1001168,0,0.6808545589447021,27.614782333374023,0.1291140764951706,0.6027741432189941,0.1462871068781746,14.950094161802241,5.833111763000488,0.3024033308029175,1.9945168495178223
6,Unrolled,1001168,1,0.6505076289176941,27.562721252441406,0.1286364197731018,0.605583667755127,0.14294353120142378,14.821306985518415,5.901186943054199,0.30918118357658386,2.0601844787597656
6,Unrolled,1001168,2,0.6332820057868958,26.974246978759766,0.14148648083209991,0.6084011793136597,0.13775189090414588,14.455695546384641,6.1113762855529785,0.3157941699028015,2.0985193252563477
6,Unrolled,1001168,3,0.5982128977775574,26.908761978149414,0.1411726176738739,0.6106705665588379,0.13287855020152886,14.501814561431418,6.319725036621094,0.32752448320388794,2.2207021713256836
6,Unrolled,1001170,0,0.7805443406105042,29.488563537597656,0.120808906853199,0.5668619275093079,0.17483936856445634,16.226532404128847,6.433208465576172,0.277183473110199,1.8715872764587402
6,Unrolled,1001170,1,0.7572010159492493,29.460655212402344,0.12047766149044037,0.5685771107673645,0.17310284520897537,16.115946392974678,6.487247467041016,0.28058937191963196,1.9883226156234741
6,Unrolled,1001170,2,0.7454760670661926,29.422264099121094,0.12092439830303192,0.5690725445747375,0.1691528501335836,16.11053307401515,6.516365051269531,0.28426337242126465,2.018367052078247
6,Unrolled,1001170,3,0.7296267151832581,29.34075355529785,0.12257245182991028,0.5694282054901123,0.16780485362818226,16.081109385672608,6.523050785064697,0.2934319078922272,2.0619277954101562
6,Unrolled,1001184,0,0.8089935779571533,29.882600784301758,0.1346762776374817,0.6448644995689392,0.17102189481442906,16.1984072192539,9.34182357788086,0.33568087220191956,2.602158784866333
6,Unrolled,1001184,1,0.7951852679252625,29.92266845703125,0.13313837349414825,0.6472759246826172,0.1692351842854149,15.882461072154268,9.442498207092285,0.3382663130760193,2.794184923171997
6,Unrolled,1001184,2,0.7884202003479004,29.890928268432617,0.1336042582988739,0.6481547951698303,0.16564161422063792,15.843743808256452,9.446407318115234,0.34040921926498413,2.8352131843566895
6,Unrolled,1001184,3,0.7794018983840942,29.876609802246094,0.13361993432044983,0.6486201882362366,0.16425495111044158,15.842281551498798,9.496267318725586,0.3461509048938751,2.8565499782562256
6,Unrolled,1001275,0,0.5910728573799133,26.604602813720703,0.24799025058746338,0.6629549264907837,0.12740431987770245,12.141367178898355,11.495621681213379,0.35681992769241333,1.9778754711151123
6,Unrolled,1001275,1,0.5741776823997498,26.47923469543457,0.2501215934753418,0.6689653992652893,0.12142953299371874,11.883230447390096,11.674875259399414,0.36310386657714844,1.9983258247375488
6,Unrolled,1001275,2,0.535921573638916,26.131053924560547,0.25824350118637085,0.6785176992416382,0.11425596451069688,11.758010669277168,12.461629867553711,0.36779361963272095,2.111724376678467
6,Unrolled,1001275,3,0.48051440715789795,25.59537124633789,0.2674168348312378,0.6882892847061157,0.10604596398807584,11.683232624953114,13.213595390319824,0.38748252391815186,2.2699763774871826
6,Unrolled,1001381,0,0.8289976119995117,31.680509567260742,0.1076473593711853,0.5916398763656616,0.1650938447776008,18.210938847508316,9.842973709106445,0.3212975263595581,2.2091047763824463
6,Unrolled,1001381,1,0.8138153553009033,31.74523162841797,0.1062069982290268,0.5929627418518066,0.16345432365274484,18.199650296567608,9.895967483520508,0.3217497169971466,2.29608154296875
6,Unrolled,1001381,2,0.8054960370063782,31.726701736450195,0.10618734359741211,0.5934081673622131,0.16121814715971605,18.20873878850969,9.951497077941895,0.32566386461257935,2.341697931289673
6,Unrolled,1001381,3,0.7930184006690979,31.677146911621094,0.10659917443990707,0.5941574573516846,0.15725536390473036,18.205552953782483,10.069330215454102,0.33166563510894775,2.396360158920288
6,Unrolled,1001651,0,0.6975603103637695,29.977153778076172,0.13930544257164001,0.5519117712974548,0.15608201805995386,17.51445524796798,11.923047065734863,0.3289385735988617,2.037684440612793
6,Unrolled,1001651,1,0.6751945614814758,29.593852996826172,0.14410650730133057,0.5578842163085938,0.1501201689188728,17.262399157418763,12.190260887145996,0.3384242355823517,2.107738733291626
6,Unrolled,1001651,2,0.6523792147636414,29.47774887084961,0.14781853556632996,0.5610553026199341,0.14115575022327698,17.116383432901653,12.695295333862305,0.34479397535324097,2.183358669281006
6,Unrolled,1001651,3,0.6114111542701721,28.906803131103516,0.15607839822769165,0.5689914226531982,0.1333818037689541,17.03148960868353,13.440892219543457,0.3588677942752838,2.2759876251220703
6,Unrolled,1001655,0,0.769162654876709,24.297786712646484,0.3303699791431427,0.654701292514801,0.1528836268521833,10.734463537217964,11.266993522644043,0.3260836899280548,2.3987720012664795
6,Unrolled,1001655,1,0.7593563795089722,24.451953887939453,0.3211534023284912,0.6596395373344421,0.14641960537863405,10.572378275675536,11.394256591796875,0.32964667677879333,2.4682435989379883
6,Unrolled,1001655,2,0.7411407232284546,24.59571647644043,0.312971293926239,0.6610942482948303,0.13921469960731253,10.671205969644593,11.761311531066895,0.33915475010871887,2.5495500564575195
6,Unrolled,1001655,3,0.7141067385673523,24.401905059814453,0.3217080235481262,0.6656661033630371,0.13178695787372527,10.344361403483138,12.283550262451172,0.3506331443786621,2.6664161682128906
6,Unrolled,1001687,0,0.7294902801513672,25.182987213134766,0.17252691090106964,0.6148194670677185,0.16150774371255755,15.487263689226797,8.335663795471191,0.332053005695343,2.385230779647827
6,Unrolled,1001687,1,0.7181385159492493,25.09229278564453,0.1747174859046936,0.6164888739585876,0.15829499851614082,15.235974391797992,8.342080116271973,0.3352523744106293,2.403916120529175
6,Unrolled,1001687,2,0.7041057348251343,25.078075408935547,0.174836665391922,0.6173783540725708,0.15322822623307078,15.180926462398494,8.408304214477539,0.34068983793258667,2.4605350494384766
6,Unrolled,1001687,3,0.6797336935997009,25.630268096923828,0.16087988018989563,0.6202370524406433,0.14841570183309089,15.62270318273632,8.587966918945312,0.34768423438072205,2.5663318634033203
6,Unrolled,1001759,0,0.7534521222114563,27.208385467529297,0.1257307380437851,0.6132643222808838,0.1608703192083698,14.837202435590784,6.8061652183532715,0.2964228689670563,2.0045969486236572
6,Unrolled,1001759,1,0.736899197101593,27.230016708374023,0.12487427145242691,0.6154648065567017,0.15693890599512808,14.704201135103393,6.866546630859375,0.2961588203907013,1.9974939823150635
6,Unrolled,1001759,2,0.7251762747764587,27.212360382080078,0.12497314065694809,0.6155892014503479,0.15486498690179556,14.706917065737912,6.957083225250244,0.3012467622756958,2.040371894836426
6,Unrolled,1001759,3,0.70793217420578,27.166217803955078,0.1254352480173111,0.6172748804092407,0.1501176218668473,14.688015286325948,6.965126037597656,0.3082733750343323,2.0982930660247803
6,Unrolled,1001763,0,0.7800499200820923,29.35065269470215,0.11347729712724686,0.6221336126327515,0.1566902872769862,17.589568658232785,10.220537185668945,0.3439859449863434,2.5948619842529297
6,Unrolled,1001763,1,0.7747432589530945,29.49489402770996,0.11074527353048325,0.6230158805847168,0.15486459643041692,17.611568578987498,10.211747169494629,0.3447968661785126,2.6127090454101562
6,Unrolled,1001763,2,0.7697669267654419,29.474266052246094,0.11089485138654709,0.6236327886581421,0.15350594712248644,17.60864530597264,10.263004302978516,0.34677571058273315,2.6359946727752686
6,Unrolled,1001763,3,0.7642343640327454,29.302255630493164,0.11399906128644943,0.6240664124488831,0.15077076536213957,17.509137254064612,10.35027027130127,0.34986186027526855,2.6852738857269287
6,Unrolled,1001798,0,0.6311640739440918,23.59819793701172,0.3897784650325775,0.6798081994056702,0.12714229906238694,8.980891574575718,10.393080711364746,0.3285922408103943,2.2587499618530273
6,Unrolled,1001798,1,0.6106349229812622,23.83181381225586,0.3716457486152649,0.6798945069313049,0.12150304038892207,9.133577244553274,10.798669815063477,0.32849356532096863,2.3013715744018555
6,Unrolled,1001798,2,0.5745259523391724,23.7954044342041,0.3687811493873596,0.6866572499275208,0.11105729190488409,9.10690007310373,11.55136489868164,0.3395313024520874,2.343027114868164
6,Unrolled,1001798,3,0.5230894088745117,23.834274291992188,0.3574085831642151,0.690334141254425,0.10361073025778338,9.321562162934764,12.512890815734863,0.3554297983646393,2.4247326850891113
6,Unrolled,1001850,0,0.7611389756202698,31.225881576538086,0.1730390191078186,0.5528872609138489,0.14299543790504948,15.057898407070988,10.549670219421387,0.3387640118598938,2.369527816772461
6,Unrolled,1001850,1,0.7496138215065002,30.758304595947266,0.18126018345355988,0.5630797147750854,0.13558200945805896,14.06423735848761,10.570879936218262,0.3423936367034912,2.459242105484009
6,Unrolled,1001850,2,0.7175465822219849,30.45635986328125,0.1862943023443222,0.5683327913284302,0.12787684271073582,14.005313631657739,11.112695693969727,0.3535303473472595,2.544342041015625
6,Unrolled,1001850,3,0.6729628443717957,29.980621337890625,0.19581229984760284,0.5744276642799377,0.12108799476755659,13.885726173724635,11.90610408782959,0.370028018951416,2.6957364082336426
6,Unrolled,1001851,0,0.7041627168655396,28.987953186035156,0.1732059121131897,0.5841760635375977,0.15333138489446047,15.14694322741175,10.588566780090332,0.3224036991596222,2.054882764816284
6,Unrolled,1001851,1,0.6894703507423401,28.75667381286621,0.1766418218612671,0.5870221257209778,0.14492255535468013,14.886274792061196,10.759101867675781,0.33384522795677185,2.103890895843506
6,Unrolled,1001851,2,0.6564463973045349,28.507776260375977,0.18229366838932037,0.5918887257575989,0.13804649009971948,14.80440622462323,11.564233779907227,0.33989793062210083,2.1579155921936035
6,Unrolled,1001851,3,0.6068553328514099,27.977371215820312,0.19205789268016815,0.599109411239624,0.12920929732153064,14.731947244396807,12.502653121948242,0.3568519949913025,2.3336498737335205
6,Unrolled,1001938,0,0.6735801696777344,28.606056213378906,0.1582927107810974,0.6795533299446106,0.1358930779622198,15.412843410439157,10.289697647094727,0.36362653970718384,2.581273078918457
6,Unrolled,1001938,1,0.6607414484024048,28.320533752441406,0.16208122670650482,0.6840555667877197,0.12962444059552825,15.303555438511573,10.534683227539062,0.3747067451477051,2.6213395595550537
6,Unrolled,1001938,2,0.631941556930542,28.07303237915039,0.1669878214597702,0.6876802444458008,0.12402991173112439,15.214340556813708,10.957953453063965,0.3827846646308899,2.643612861633301
6,Unrolled,1001938,3,0.5925533771514893,27.777557373046875,0.17419448494911194,0.6949358582496643,0.11690521527392653,15.033445892913777,12.425497055053711,0.3969932496547699,2.774583339691162
6,Unrolled,1001959,0,0.6804416179656982,26.668460845947266,0.21920911967754364,0.6646705269813538,0.13746683347873512,12.667215227509576,10.41087818145752,0.3433927893638611,2.017673969268799
6,Unrolled,1001959,1,0.6648867726325989,26.832487106323242,0.21163882315158844,0.6663976311683655,0.1331777531907389,12.718808920874462,10.58110237121582,0.3482101261615753,2.083608627319336
6,Unrolled,1001959,2,0.6371413469314575,26.645591735839844,0.21562443673610687,0.6703523397445679,0.12363043169867556,12.610622581364597,11.45748519897461,0.35406970977783203,2.132020950317383
6,Unrolled,1001959,3,0.6019728779792786,25.981855392456055,0.23808498680591583,0.6821568608283997,0.1157830691229282,11.838228215855944,12.735921859741211,0.36457696557044983,2.241399049758911
6,Unrolled,1001995,0,0.702498197555542,22.95311164855957,0.2649553120136261,0.6203278303146362,0.14315771316126696,10.947952013531552,8.18648910522461,0.3342398405075073,2.230069398880005
6,Unrolled,1001995,1,0.6848440766334534,23.19662094116211,0.2548885941505432,0.6206760406494141,0.14132005911090695,11.004677600873451,8.197206497192383,0.34034857153892517,2.25015926361084
6,Unrolled,1001995,2,0.6703411340713501,22.980648040771484,0.26334312558174133,0.6217536926269531,0.1378358101329255,10.805508173152756,8.282702445983887,0.3416098952293396,2.291424036026001
6,Unrolled,1001995,3,0.6450937390327454,23.03453254699707,0.26028189063072205,0.6241600513458252,0.1347756700701517,10.791220231995728,8.587568283081055,0.35414671897888184,2.3721044063568115
6,Unrolled,1001997,0,0.6160714626312256,26.435951232910156,0.24690698087215424,0.6791132688522339,0.1315407778995412,12.130982391966283,10.366914749145508,0.3559231162071228,1.9942834377288818
6,Unrolled,1001997,1,0.6014609336853027,26.42063331604004,0.2464538961648941,0.6847228407859802,0.12414320773984149,11.862403788956684,10.473553657531738,0.362091600894928,2.0505881309509277
6,Unrolled,1001997,2,0.5695512294769287,25.696086883544922,0.27447509765625,0.6979026794433594,0.11373045079093619,10.95978177469247,11.114816665649414,0.36715537309646606,2.153799295425415
6,Unrolled,1001997,3,0.5120581984519958,25.44342803955078,0.27607661485671997,0.7138212323188782,0.10601907600593007,10.925758365574858,12.325830459594727,0.3813250660896301,2.2351841926574707
6,Unrolled,1002007,0,0.7090739607810974,26.502525329589844,0.2145175337791443,0.6300119757652283,0.149765569959606,13.835491784655499,8.720020294189453,0.32563158869743347,2.117072582244873
6,Unrolled,1002007,1,0.7133926153182983,26.723920822143555,0.20814365148544312,0.6319224834442139,0.14674248533271897,13.717671888306695,8.729175567626953,0.32632339000701904,2.158111810684204
6,Unrolled,1002007,2,0.7133927941322327,26.723915100097656,0.20814384520053864,0.6319224834442139,0.14674248026635875,13.717671579407103,8.729175567626953,0.32632341980934143,2.158111095428467
6,Unrolled,1002007,3,0.7133925557136536,26.723920822143555,0.20814360678195953,0.6319224834442139,0.14674248580396787,13.71767093611834,8.729175567626953,0.32632339000701904,2.158112049102783
6,Unrolled,1002035,0,0.7012333869934082,27.786151885986328,0.11232217401266098,0.6043747067451477,0.16134971729096323,18.293644145923302,7.454951286315918,0.3180910646915436,2.5792860984802246
6,Unrolled,1002035,1,0.6824273467063904,27.723913192749023,0.11301722377538681,0.6052916049957275,0.1579374149802556,18.203244766322975,7.512607574462891,0.3213036358356476,2.6095049381256104
6,Unrolled,1002035,2,0.6598267555236816,27.621641159057617,0.11352808028459549,0.6081022620201111,0.15428865263151095,18.19331465254664,7.59646463394165,0.32656702399253845,2.6638598442077637
6,Unrolled,1002035,3,0.6353830099105835,27.410810470581055,0.11699580401182175,0.6091781258583069,0.15004264223759087,18.090038757783763,7.6425299644470215,0.33529090881347656,2.7542026042938232
6,Unrolled,1002274,0,0.7799226641654968,24.01698875427246,0.2510698437690735,0.6550602912902832,0.16197026542114276,12.648960528599504,11.43303394317627,0.3652516305446625,2.8659210205078125
6,Unrolled,1002274,1,0.7758870124816895,24.167490005493164,0.2454240620136261,0.6589245796203613,0.15681443540468507,12.554466744897255,11.708318710327148,0.3680788278579712,2.8998255729675293
6,Unrolled,1002274,2,0.7664481997489929,24.304241180419922,0.2402687668800354,0.6593798398971558,0.15142423332075874,12.668979459144055,11.86583137512207,0.37342873215675354,2.9555070400238037
6,Unrolled,1002274,3,0.7513476610183716,23.94378662109375,0.25321483612060547,0.6637030243873596,0.14454718663917931,12.249163067323728,12.20197582244873,0.3794087767601013,3.028592109680176
6,Unrolled,1002351,0,0.7326506972312927,27.596668243408203,0.10879544913768768,0.6754119992256165,0.1589601503014079,16.232079607068453,8.79727840423584,0.35216575860977173,2.719085454940796
6,Unrolled,1002351,1,0.724663257598877,27.381296157836914,0.11087781935930252,0.6790833473205566,0.15610197918094418,15.708655803998145,8.880279541015625,0.3586381673812866,2.747718572616577
6,Unrolled,1002351,2,0.7149590849876404,27.316410064697266,0.11107327789068222,0.6798202395439148,0.15246614726735278,15.721055601410349,8.95666790008545,0.3629930317401886,2.7782726287841797
6,Unrolled,1002351,3,0.702664852142334,27.249977111816406,0.1128026619553566,0.6804947853088379,0.14642955866081733,15.666459100078145,9.154504776000977,0.36984699964523315,2.838944435119629
6,Unrolled,1002380,0,0.5769655108451843,24.291074752807617,0.26445960998535156,0.7204387187957764,0.12741383015520552,12.07423032313402,11.09774112701416,0.3598514497280121,2.239316701889038
6,Unrolled,1002380,1,0.5563372373580933,24.44068717956543,0.2571837306022644,0.7267515659332275,0.11928770470308922,12.009536858990636,11.390859603881836,0.36360883712768555,2.2935760021209717
6,Unrolled,1002380,2,0.5251806378364563,23.701366424560547,0.28656017780303955,0.7421429753303528,0.10933259772931712,11.016045897861344,12.367185592651367,0.3698192238807678,2.4106271266937256
6,Unrolled,1002380,3,0.4683273136615753,23.582839965820312,0.2835749685764313,0.7588595151901245,0.10230913943325226,10.93455327142957,13.61780071258545,0.3856906592845917,2.471014976501465
6,Unrolled,1002382,0,0.8053185343742371,27.92984390258789,0.14121539890766144,0.5322765707969666,0.17170785479499062,15.667140096349081,5.785615921020508,0.28180134296417236,1.758890986442566
6,Unrolled,1002382,1,0.7784096002578735,28.0654296875,0.13728080689907074,0.5351091623306274,0.1688435964545014,15.017511377902332,5.850432395935059,0.2878039479255676,1.8801589012145996
6,Unrolled,1002382,2,0.7680010795593262,27.932270050048828,0.13984501361846924,0.5355119705200195,0.1647689747142545,14.941453523431711,5.844202518463135,0.2935226857662201,1.9268044233322144
6,Unrolled,1002382,3,0.7487892508506775,28.142112731933594,0.13527168333530426,0.5378038287162781,0.1609709662455107,15.019665555356989,5.882990837097168,0.30113890767097473,1.9832818508148193
6,Unrolled,1002412,0,0.694160521030426,28.33727264404297,0.24068179726600647,0.6289597749710083,0.13635784608490303,13.303030097601404,11.019192695617676,0.34494078159332275,2.084763526916504
6,Unrolled,1002412,1,0.6758006811141968,28.433902740478516,0.23553846776485443,0.630099892616272,0.13152702514691697,13.314843814794507,11.358994483947754,0.35097476840019226,2.0893402099609375
6,Unrolled,1002412,2,0.6501680612564087,28.134458541870117,0.2447012960910797,0.636208713054657,0.12423726348518695,13.032299208577214,11.876455307006836,0.35975182056427,2.165065288543701
6,Unrolled,1002412,3,0.6150266528129578,27.50265884399414,0.26879411935806274,0.6448525190353394,0.11636765650975504,12.215510676697033,12.979393005371094,0.37066251039505005,2.173346519470215
6,Unrolled,1002417,0,0.6426142454147339,16.914060592651367,0.3916580080986023,0.8708223104476929,0.14329691327779512,7.468637785802844,12.978103637695312,0.44775861501693726,3.567387580871582
6,Unrolled,1002417,1,0.6364538073539734,16.632740020751953,0.40022528171539307,0.8990747928619385,0.1410054466154893,7.190249436810703,13.017953872680664,0.4530571699142456,3.5752408504486084
6,Unrolled,1002417,2,0.6340735554695129,16.623197555541992,0.40048912167549133,0.8990169763565063,0.13961232484416208,7.188964619598982,13.002619743347168,0.4547707140445709,3.595808744430542
6,Unrolled,1002417,3,0.6324498653411865,16.71548080444336,0.3980318307876587,0.8995500802993774,0.1380961109536792,7.21985089954207,13.108772277832031,0.45644521713256836,3.612976551055908
6,Unrolled,1002451,0,0.6840017437934875,24.953290939331055,0.2635584771633148,0.6760427951812744,0.13278636363289176,10.954555192140806,11.552034378051758,0.36456775665283203,2.820502996444702
6,Unrolled,1002451,1,0.6713470816612244,25.211959838867188,0.25131362676620483,0.6801252365112305,0.12722371550945458,10.821374653622085,11.762331008911133,0.37148287892341614,2.9295594692230225
6,Unrolled,1002451,2,0.6438315510749817,24.843650817871094,0.2650221586227417,0.6865389943122864,0.1179068312599694,10.443133574317244,12.579169273376465,0.37484973669052124,2.9703493118286133
6,Unrolled,1002451,3,0.6065629720687866,24.489253997802734,0.277973473072052,0.6947798728942871,0.11084904160349904,10.031323013741778,13.200044631958008,0.38730767369270325,3.0359368324279785
6,Unrolled,1002515,0,0.6499319672584534,20.570898056030273,0.7525755763053894,0.8511488437652588,0.13274493742077,2.814651223953011,12.170522689819336,0.37147611379623413,2.2830939292907715
6,Unrolled,1002515,1,0.6483482122421265,20.673206329345703,0.7390300035476685,0.8674214482307434,0.1279374932390973,2.4365097494122927,12.400243759155273,0.3746052384376526,2.312863349914551
6,Unrolled,1002515,2,0.6366680264472961,20.830087661743164,0.7123396396636963,0.8622029423713684,0.11848071540420571,2.5609649345337555,13.236226081848145,0.3815269470214844,2.34706449508667
6,Unrolled,1002515,3,0.6137159466743469,20.645492553710938,0.7373301386833191,0.8774479627609253,0.1134481650017792,2.1993966764036794,14.08942985534668,0.3864353895187378,2.402557849884033
6,Unrolled,1002526,0,0.8418875932693481,27.338668823242188,0.20440630614757538,0.5899088978767395,0.16410896469233854,15.244136518015644,9.480859756469727,0.31821781396865845,2.3756892681121826
6,Unrolled,1002526,1,0.8285959362983704,27.628643035888672,0.19598276913166046,0.5941087603569031,0.16087999387010252,15.261681270603049,9.476384162902832,0.32026171684265137,2.4385757446289062
6,Unrolled,1002526,2,0.8174222111701965,27.699600219726562,0.19385197758674622,0.5946521759033203,0.15622554801961636,15.303418322811915,9.60091495513916,0.32618117332458496,2.51414155960083
6,Unrolled,1002526,3,0.8016524314880371,27.75087547302246,0.1921783685684204,0.5964671969413757,0.15026173510929705,15.311943397997233,9.759936332702637,0.334133505821228,2.572279691696167
6,Unrolled,1002538,0,0.7471892833709717,30.891277313232422,0.18403880298137665,0.6524959802627563,0.14806250992944228,12.930696804972337,12.221990585327148,0.3839675784111023,2.4400463104248047
6,Unrolled,1002538,1,0.7357884049415588,30.731773376464844,0.1856021136045456,0.6625697016716003,0.1396918764230732,12.556810706132515,12.457440376281738,0.3917572498321533,2.4805750846862793
6,Unrolled,1002538,2,0.7050913572311401,30.45665740966797,0.18940696120262146,0.669312059879303,0.12911517713775447,12.536902673362887,13.265645980834961,0.40242910385131836,2.5604372024536133
6,Unrolled,1002538,3,0.6584115028381348,29.90558433532715,0.1981741040945053,0.6832517385482788,0.11824776518780512,12.35971737573344,14.65820598602295,0.4161927402019501,2.6547608375549316
